"gene","dsb_density","dsb_rank","dsb_empirical_p","dsb_z"
"SNORD3A",629387.505,1,3.87461738153357e-05,3.95202591032199
"SNORD3C",543092.44,2,7.74923476306715e-05,3.78294335451906
"SNORD135",149088.375,3,0.000116238521446007,3.68082882262195
"SNORD3B-1",126286.91,4,0.000154984695261343,3.60682262733818
"SNORD18A",74077.37,5,0.000193730869076679,3.54847978527494
"SNORD82",54020.12,6,0.000232477042892014,3.50017427011761
"RN7SL1",48814.93,7,0.00027122321670735,3.45887010892865
"SNORD27",47525.925,8,0.000309969390522686,3.42273765631212
"RN7SL2",45559.925,9,0.000348715564338022,3.39058700577904
"SNORD80",42867.625,10,0.000387461738153357,3.36159979874944
"RN7SK",42232.54,11,0.000426207911968693,3.33518854351184
"SNORD35A",31015.545,12,0.000464954085784029,3.31091690620452
"SNORD33",30788.715,13,0.000503700259599365,3.28845174592621
"SNORD76",28564.28,14,0.0005424464334147,3.26753282011564
"RNR2",27165.57,15,0.000581192607230036,3.24795287284664
"SNORD55",26522.84,16,0.000619938781045372,3.22954410319673
"SNORD74",25662.34,17,0.000658684954860708,3.21216870448152
"SNORD83B",25210.945,18,0.000697431128676043,3.19571208583088
"SNORD73A",24634.965,19,0.000736177302491379,3.18007791101838
"SNORD42B",23901.925,20,0.000774923476306715,3.16518439871518
"SNORA73B",22683.045,21,0.00081366965012205,3.15096151728611
"SNORD2",19388.665,22,0.000852415823937386,3.13734882612382
"SNORD3D",19313.89,23,0.000891161997752722,3.12429379228213
"SNORA73A",17077.24,24,0.000929908171568058,3.11175046190903
"SNORD24",16309.5,25,0.000968654345383393,3.09967840021619
"SNORD30",16204.25,26,0.00100740051919873,3.08804183726893
"SNORD79",15731.97,27,0.00104614669301406,3.07680897334765
"MIR6723",13669.89,28,0.0010848928668294,3.06595140933523
"RMRP",12982.14,29,0.00112363904064474,3.05544367601522
"MIR3609",12481.26,30,0.00116238521446007,3.04526284232477
"SNORD68",12402.285,31,0.00120113138827541,3.03538818715643
"TALAM1",12163.575,32,0.00123987756209074,3.02580092270327
"SNORD104",12119.67,33,0.00127862373590608,3.01648395991187
"MALAT1",11446.9,34,0.00131736990972142,3.00742170856412
"SNORD99",11106.135,35,0.00135611608353675,2.99859990601767
"SNORD57",10821.135,36,0.00139486225735209,2.99000546980234
"SNORD29",10324.89,37,0.00143360843116742,2.98162637018568
"SNORD110",10130.085,38,0.00147235460498276,2.97345151954021
"RNU4-2",9816.235,39,0.00151110077879809,2.96547067591723
"SNORD17",9334.675,40,0.00154984695261343,2.95767435868881
"SNORD41",9299.045,41,0.00158859312642877,2.95005377448549
"SNORD13",8343.6,42,0.0016273393002441,2.94260075195547
"MIR1291",8024.04,43,0.00166608547405944,2.93530768411046
"SNORD26",7599.46,44,0.00170483164787477,2.92816747722201
"MIR663A",7261.665,45,0.00174357782169011,2.92117350539292
"SNHG25",6907.745,46,0.00178232399550544,2.91431957006232
"SNORD62A",6645.24,47,0.00182107016932078,2.90759986381402
"RNU4-1",6604.12,48,0.00185981634313612,2.90100893794937
"SNORD28",6133.865,49,0.00189856251695145,2.89454167336358
"SNORD87",6061.7,50,0.00193730869076679,2.88819325432865
"RNU6-1",5930.525,51,0.00197605486458212,2.88195914484108
"SNORD21",5717.16,52,0.00201480103839746,2.87583506723822
"SCARNA28",5467.165,53,0.00205354721221279,2.86981698282669
"RNU6ATAC",5389.96,54,0.00209229338602813,2.86390107429923
"SNORD15A",5344.23,55,0.00213103955984347,2.85808372974501
"SNORD10",5309.375,56,0.0021697857336588,2.85236152808307
"RPPH1",5175.16,57,0.00220853190747414,2.84673122576875
"SNAR-A10",5152.75,58,0.00224727808128947,2.8411897446422
"RNU1-1",4996.515,59,0.00228602425510481,2.83573416080236
"SNORD22",4958.975,60,0.00232477042892014,2.83036169440464
"SNORD32A",4917.75,61,0.00236351660273548,2.82506970029094
"SNORD47",4909.275,62,0.00240226277655082,2.81985565937237
"SNORD1C",4832.525,63,0.00244100895036615,2.81471717069242
"SNORD127",4679.05,64,0.00247975512418149,2.80965194410738
"SNORD96A",4530.045,65,0.00251850129799682,2.80465779352707
"RNVU1-7",4488.47,66,0.00255724747181216,2.79973263066497
"SNORD14B",4455.485,67,0.00259599364562749,2.7948744592524
"RNU11",4221.305,68,0.00263473981944283,2.79008136967574
"SNORD88C",4206.25,69,0.00267348599325817,2.78535153400029
"SNORD12",3911.46,70,0.0027122321670735,2.78068320134735
"RNVU1-14",3806.41,71,0.00275097834088884,2.7760746935952
"SNORA71D",3733.68,72,0.00278972451470417,2.77152440137672
"SNORD83A",3695.715,73,0.00282847068851951,2.76703078034949
"SNORD88A",3620.295,74,0.00286721686233484,2.7625923477165
"SNORD50A",3610.835,75,0.00290596303615018,2.75820767897715
"SNORD77",3555.84,76,0.00294470920996552,2.75387540489087
"SNORD42A",3399.64,77,0.00298345538378085,2.74959420863635
"SNORD4A",3397.53,78,0.00302220155759619,2.745362823152
"RNU4ATAC",3317.385,79,0.00306094773141152,2.74118002864325
"HBB",3294.505,80,0.00309969390522686,2.73704465024485
"GAS5",3144.235,81,0.00313844007904219,2.73295555582638
"RPL41",3134.53,82,0.00317718625285753,2.72891165393054
"MIR671",3010.51,83,0.00321593242667287,2.72491189183491
"MTRNR2L2",2966.75,84,0.0032546786004882,2.72095525372812
"SNORD37",2870.56,85,0.00329342477430354,2.71704075899261
"MIR3607",2755.775,86,0.00333217094811887,2.7131674605864
"NEAT1",2640.585,87,0.00337091712193421,2.70933444351724
"RNY1",2633.775,88,0.00340966329574954,2.70554082340273
"MIR21",2626.72,89,0.00344840946956488,2.70178574511076
"SCARNA2",2596.385,90,0.00348715564338022,2.69806838147489
"SNORA65",2581.28,91,0.00352590181719555,2.69438793207969
"SNORD95",2556.495,92,0.00356464799101089,2.69074362211168
"SNORD111",2556.07,93,0.00360339416482622,2.68713470127143
"SNHG1",2551.695,94,0.00364214033864156,2.68356044274319
"SNORD59A",2507.845,95,0.0036808865124569,2.68002014221814
"SNORD78",2505.25,96,0.00371963268627223,2.67651311696829
"SNORD35B",2498.695,97,0.00375837886008757,2.67303870496751
"SNORD14A",2364.355,98,0.0037971250339029,2.6695962640572
"SNORD38B",2362.095,99,0.00383587120771824,2.66618517115365
"SNORD45B",2296.48,100,0.00387461738153357,2.6628048214947
"SNORD45A",2269.465,101,0.00391336355534891,2.65945462792339
"SNORD60",2262.13,102,0.00395210972916425,2.65613402020639
"SNAR-A1",2212.32,103,0.00399085590297958,2.65284244438533
"ACTB",2204.19,104,0.00402960207679492,2.64957936215882
"MTRNR2L8",2154.06,105,0.00406834825061025,2.64634425029391
"MIR6835",2119.83,106,0.00410709442442559,2.64313660006482
"RNY3",2112.4,107,0.00414584059824092,2.63995591671783
"SNORA61",2090.43,108,0.00418458677205626,2.63680171896063
"MIR6501",2017.82,109,0.0042233329458716,2.63367353847488
"MIR1204",2009.335,110,0.00426207911968693,2.6305709194508
"MT2A",2007.26,111,0.00430082529350227,2.62749341814238
"SNAR-A12",1997.66,112,0.0043395714673176,2.62444060244246
"SCARNA7",1985.945,113,0.00437831764113294,2.62141205147626
"SNORD88B",1956.64,114,0.00441706381494827,2.61840735521266
"SNORD81",1839.595,115,0.00445580998876361,2.61542611409217
"SNHG3",1837.715,116,0.00449455616257895,2.61246793867085
"SNORA66",1825.06,117,0.00453330233639428,2.60953244927926
"MIR3925",1766.525,118,0.00457204851020962,2.60661927569565
"SNORD69",1744.33,119,0.00461079468402495,2.60372805683293
"SNORD52",1695.86,120,0.00464954085784029,2.60085844043831
"LOC100190986",1693.825,121,0.00468828703165562,2.5980100828055
"SNORD58A",1661.425,122,0.00472703320547096,2.59518264849833
"SUMO1P1",1625.495,123,0.0047657793792863,2.59237581008572
"SNORA21",1615.095,124,0.00480452555310163,2.58958924788703
"SNORD31",1580.825,125,0.00484327172691697,2.58682264972765
"RPL13A",1518.13,126,0.0048820179007323,2.5840757107041
"SNORD133",1502.655,127,0.00492076407454764,2.5813481329583
"LOC100131496",1420.475,128,0.00495951024836297,2.57863962546063
"SNORD118",1403.85,129,0.00499825642217831,2.57594990380121
"MIR4722",1355.3,130,0.00503700259599365,2.5732786899892
"MIR612",1352.815,131,0.00507574876980898,2.57062571225963
"TBX2",1336.43,132,0.00511449494362432,2.56799070488757
"MIR6732",1336.38,133,0.00515324111743965,2.56537340800905
"RPL4",1309.205,134,0.00519198729125499,2.56277356744875
"SNORD15B",1308.35,135,0.00523073346507032,2.56019093455392
"MIR6815",1305.52,136,0.00526947963888566,2.55762526603433
"RNVU1-19",1301.97,137,0.005308225812701,2.5550763238081
"RNY5",1276.47,138,0.00534697198651633,2.55254387485291
"SNORD14C",1238.55,139,0.00538571816033167,2.55002769106263
"PARD6B",1232.91,140,0.005424464334147,2.54752754910893
"SNORD8",1231.645,141,0.00546321050796234,2.54504323030782
"SNORA68",1212.4,142,0.00550195668177767,2.54257452049079
"SNORD58B",1208.095,143,0.00554070285559301,2.54012120988038
"SNORA64",1203.415,144,0.00557944902940835,2.53768309297012
"MIR3185",1173.075,145,0.00561819520322368,2.53525996840841
"MIR6775",1156.32,146,0.00565694137703902,2.53285163888657
"C17ORF82",1152.275,147,0.00569568755085435,2.53045791103036
"SNORD18B",1148.155,148,0.00573443372466969,2.52807859529539
"SNORD6",1140.23,149,0.00577317989848502,2.52571350586583
"SNORA23",1139.07,150,0.00581192607230036,2.52336246055654
"RNU5E-1",1138.625,151,0.0058506722461157,2.52102528071838
"SNORD119",1136.4,152,0.00588941841993103,2.51870179114659
"SNORD49B",1124.805,153,0.00592816459374637,2.51639181999216
"MIR1322",1124.2,154,0.0059669107675617,2.51409519867601
"PTMA",1123.51,155,0.00600565694137704,2.51181176180594
"MIR941-2",1116.705,156,0.00604440311519238,2.50954134709617
"VTRNA1-1",1107.62,157,0.00608314928900771,2.50728379528949
"TIAF1",1080.385,158,0.00612189546282305,2.50503895008174
"SNORD16",1079.97,159,0.00616064163663838,2.50280665804873
"BMP7-AS1",1065.44,160,0.00619938781045372,2.50058676857536
"BMP7",1051.29,161,0.00623813398426905,2.49837913378695
"RACK1",1047.365,162,0.00627688015808439,2.49618360848264
"MTRNR2L9",1036.205,163,0.00631562633189973,2.49400005007083
"ZNF217",1025.03,164,0.00635437250571506,2.49182831850654
"SNORD90",1020.66,165,0.0063931186795304,2.48966827623069
"SNORA70",1000.425,166,0.00643186485334573,2.48751978811114
"MIR3190",999.285,167,0.00647061102716107,2.48538272138549
"SNORA67",994.29,168,0.0065093572009764,2.48325694560559
"TBX2-AS1",991.49,169,0.00654810337479174,2.48114233258362
"NCOA3",951.51,170,0.00658684954860708,2.47903875633979
"MIR6515",950.27,171,0.00662559572242241,2.47694609305152
"LOC101927855",929.97,172,0.00666434189623775,2.47486422100408
"SNORD70",928.915,173,0.00670308807005308,2.47279302054266
"RPL23A",924.775,174,0.00674183424386842,2.47073237402578
"SNORA57",914.745,175,0.00678058041768375,2.46868216578002
"SNAR-C3",913.785,176,0.00681932659149909,2.46664228205605
"DSCAM-AS1",894.775,177,0.00685807276531443,2.46461261098581
"SULF2",888.09,178,0.00689681893912976,2.46259304254099
"MIR5584",884.615,179,0.0069355651129451,2.46058346849254
"C11ORF98",882.575,180,0.00697431128676043,2.4585837823714
"CALR",880.26,181,0.00701305746057577,2.45659387943018
"PSMD7",876.345,182,0.0070518036343911,2.45461365660605
"SNORA62",874.065,183,0.00709054980820644,2.45264301248441
"MIR6747",870.345,184,0.00712929598202178,2.45068184726376
"MIR6819",870.345,185,0.00716804215583711,2.44873006272131
"FAM84B",866.195,186,0.00720678832965245,2.44678756217968
"PNN",862.835,187,0.00724553450346778,2.44485425047435
"MIR6758",861.18,188,0.00728428067728312,2.44293003392202
"MIR6745",856.67,189,0.00732302685109845,2.44101482028979
"RPS8",851.89,190,0.00736177302491379,2.43910851876511
"LOC101927377",844.67,191,0.00740051919872913,2.4372110399266
"MIR4658",835.085,192,0.00743926537254446,2.43532229571549
"MIR569",834.455,193,0.0074780115463598,2.43344219940789
"HIST2H4A",827.165,194,0.00751675772017513,2.43157066558772
"SNORA10",818.315,195,0.00755550389399047,2.42970761012036
"ZMYND8",815.475,196,0.0075942500678058,2.42785295012691
"EEF2",813.725,197,0.00763299624162114,2.42600660395915
"RNU5D-1",812.835,198,0.00767174241543648,2.42416849117508
"SNORD98",810.52,199,0.00771048858925181,2.42233853251512
"SNORD18C",802.035,200,0.00774923476306715,2.42051664987883
"ACTG1",801.59,201,0.00778798093688248,2.41870276630225
"SNORD111B",799.21,202,0.00782672711069782,2.41689680593581
"TBX4",795.96,203,0.00786547328451315,2.41509869402271
"SNORA2C",794.595,204,0.00790421945832849,2.41330835687786
"MIR4278",787.365,205,0.00794296563214383,2.41152572186737
"MIR6799",770.88,206,0.00798171180595916,2.40975071738843
"SNORA7A",770.88,207,0.0080204579797745,2.4079832728498
"H1FX",765.99,208,0.00805920415358983,2.40622331865264
"MIR4664",765.495,209,0.00809795032740517,2.40447078617185
"SNORD36B",765.495,210,0.0081366965012205,2.40272560773787
"LOC101559451",762.11,211,0.00817544267503584,2.40098771661888
"NCL",759.68,212,0.00821418884885118,2.39925704700337
"MIR4797",757.48,213,0.00825293502266651,2.39753353398322
"SNORD38A",757.48,214,0.00829168119648185,2.39581711353705
"SNORD49A",757.48,215,0.00833042737029718,2.39410772251405
"MIR3681",755.005,216,0.00836917354411252,2.39240529861815
"MIR6875",755.005,217,0.00840791971792785,2.39070978039248
"SNORD36A",755.005,218,0.00844666589174319,2.38902110720432
"MLPH",750.51,219,0.00848541206555853,2.38733921923024
"LINC01523",748.57,220,0.00852415823937386,2.38566405744169
"SNHG6",745.045,221,0.0085629044131892,2.38399556359088
"MIR4444-1",744.805,222,0.00860165058700453,2.38233368019689
"GABPB1-AS1",742.835,223,0.00864039676081987,2.38067835053222
"PFDN4",741.565,224,0.0086791429346352,2.37902951860956
"LOC105372672",739.09,225,0.00871788910845054,2.37738712916886
"SNORD93",734.875,226,0.00875663528226588,2.37575112766467
"SNORD67",733.005,227,0.00879538145608121,2.3741214602538
"TNPO2",729.645,228,0.00883412762989655,2.37249807378321
"XBP1",728.175,229,0.00887287380371188,2.37088091577814
"SRSF2",723.465,230,0.00891161997752722,2.36926993443059
"IER5L",719.6,231,0.00895036615134255,2.3676650785879
"MIR4700",719.485,232,0.00898911232515789,2.36606629774172
"SNORD140",713.88,233,0.00902785849897323,2.36447354201708
"SCARNA17",711.49,234,0.00906660467278856,2.36288676216186
"SNORD100",708.295,235,0.0091053508466039,2.36130590953624
"NACA2",708.12,236,0.00914409702041923,2.35973093610263
"MIR3191",700.8,237,0.00918284319423457,2.35816179441563
"SNORD115-27",700.8,238,0.0092215893680499,2.35659843761226
"MIR4419A",699.21,239,0.00926033554186524,2.35504081940241
"SNORD84",697.665,240,0.00929908171568058,2.35348889405942
"MIR208B",691.815,241,0.00933782788949591,2.35194261641097
"RNU5B-1",690.84,242,0.00937657406331125,2.35040194182998
"MIR27A",690.36,243,0.00941532023712658,2.34886682622591
"TUBD1",689.83,244,0.00945406641094192,2.34733722603604
"MIR92A1",683.055,245,0.00949281258475725,2.34581309821706
"BCYRN1",682.65,246,0.00953155875857259,2.34429440023672
"MIRLET7E",681.73,247,0.00957030493238793,2.34278109006577
"MIR4687",680.44,248,0.00960905110620326,2.34127312616997
"MIRLET7A1",680.44,249,0.0096477972800186,2.33977046750226
"SNAR-C4",678.48,250,0.00968654345383393,2.33827307349512
"SNORD12C",674.52,251,0.00972528962764927,2.33678090405309
"SNORD14E",673.315,252,0.0097640358014646,2.33529391954539
"MIR5739",666.19,253,0.00980278197527994,2.33381208079871
"MIR4662B",665.105,254,0.00984152814909528,2.33233534909015
"MIR6785",665.105,255,0.00988027432291061,2.33086368614026
"ANP32B",659.135,256,0.00991902049672595,2.32939705410628
"MIR4737",658.065,257,0.00995776667054128,2.32793541557541
"RNVU1-1",657.575,258,0.00999651284435662,2.32647873355832
"CD63",649.295,259,0.010035259018172,2.32502697148271
"MIR4309",649.27,260,0.0100740051919873,2.323580093187
"HES1",642.61,261,0.0101127513658026,2.32213806291418
"SNORA109",636.87,262,0.010151497539618,2.3207008453057
"MIR8078",634.84,263,0.0101902437134333,2.31926840539559
"SNORD14D",626.315,264,0.0102289898872486,2.31784070860456
"SNORD103A",612.795,265,0.010267736061064,2.31641772073429
"SNORD92",612.395,266,0.0103064822348793,2.31499940796184
"SNHG19",611.825,267,0.0103452284086946,2.31358573683408
"TPD52L2",609.475,268,0.01038397458251,2.31217667426231
"HIST2H2BC",608.555,269,0.0104227207563253,2.31077218751691
"BRIP1",606.14,270,0.0104614669301406,2.30937224422217
"MIR3651",605.665,271,0.010500213103956,2.30797681235108
"GREB1",600.295,272,0.0105389592777713,2.30658586022041
"SNORA5A",599.57,273,0.0105777054515867,2.30519935648566
"SNORA49",599.08,274,0.010616451625402,2.30381727013626
"SNORA71B",595.03,275,0.0106551977992173,2.30243957049083
"ARL6IP4",586.78,276,0.0106939439730327,2.30106622719242
"MIR4438",586.335,277,0.010732690146848,2.29969721020398
"TRIM37",585.56,278,0.0107714363206633,2.29833248980383
"SCARNA5",584.365,279,0.0108101824944787,2.29697203658119
"SNHG12",583.26,280,0.010848928668294,2.29561582143187
"MIR3916",580.165,281,0.0108876748421093,2.29426381555396
"RPS6KB1",573.68,282,0.0109264210159247,2.29291599044362
"STC2",572.665,283,0.01096516718974,2.29157231789095
"EGR1",564.19,284,0.0110039133635553,2.29023276997595
"COX7A1",563.8,285,0.0110426595373707,2.28889731906449
"EIF4A2",563.375,286,0.011081405711186,2.28756593780444
"MIR320D1",562.405,287,0.0111201518850014,2.28623859912173
"RNY4",562.25,288,0.0111588980588167,2.28491527621666
"RPL3",562.075,289,0.011197644232632,2.2835959425601
"MYL6",560.63,290,0.0112363904064474,2.28228057188987
"RPL13",557.08,291,0.0112751365802627,2.28096913820712
"SNORD125",556.305,292,0.011313882754078,2.27966161577279
"RPL7A",556.245,293,0.0113526289278934,2.27835797910415
"SCARNA26B",550.985,294,0.0113913751017087,2.27705820297137
"MCL1",548.99,295,0.011430121275524,2.27576226239414
"SNORD46",545.065,296,0.0114688674493394,2.27447013263837
"MIR4313",534.69,297,0.0115076136231547,2.27318178921297
"MIR4532",529.955,298,0.01154635979697,2.27189720786659
"AREG",528.935,299,0.0115851059707854,2.27061636458453
"SRSF1",528.29,300,0.0116238521446007,2.26933923558562
"RPS15A",525.265,301,0.0116625983184161,2.26806579731916
"SNORD12B",524.41,302,0.0117013444922314,2.26679602646196
"NORAD",523.505,303,0.0117400906660467,2.26552989991538
"MIR320E",510.33,304,0.0117788368398621,2.26426739480242
"CFL1",507.26,305,0.0118175830136774,2.26300848846487
"ELF3",505.5,306,0.0118563291874927,2.26175315846056
"TMSB10",503.875,307,0.0118950753613081,2.26050138256048
"RPS3",497.385,308,0.0119338215351234,2.2592531387462
"SCARNA10",492.56,309,0.0119725677089387,2.25800840520711
"RPS3A",492.53,310,0.0120113138827541,2.25676716033781
"RPS27",491.325,311,0.0120500600565694,2.25552938273555
"CCND1",489.735,312,0.0120888062303848,2.25429505119762
"LOC105371414",486.315,313,0.0121275524042001,2.25306414471891
"MIR3653",486.14,314,0.0121662985780154,2.25183664248941
"EXOSC6",483.315,315,0.0122050447518308,2.25061252389178
"MIR4540",481.8,316,0.0122437909256461,2.24939176849895
"MIR4727",481.8,317,0.0122825370994614,2.24817435607179
"SNORD89",479.265,318,0.0123212832732768,2.24696026655679
"ATXN2L",476.005,319,0.0123600294470921,2.24574948008374
"MIR663B",475.135,320,0.0123987756209074,2.24454197696353
"MIR7153",475.135,321,0.0124375217947228,2.2433377376859
"SAMD1",472.995,322,0.0124762679685381,2.2421367429173
"CDKN1B",472.735,323,0.0125150141423534,2.2409389734987
"SLCO5A1",470.43,324,0.0125537603161688,2.23974441044352
"SNORA90",469.735,325,0.0125925064899841,2.23855303493551
"H1F0",468.19,326,0.0126312526637995,2.23736482832673
"GAS8-AS1",467.935,327,0.0126699988376148,2.23617977213554
"MIR3928",467.08,328,0.0127087450114301,2.23499784804455
"RNU5A-1",467.08,329,0.0127474911852455,2.23381903789874
"DDX5",463.78,330,0.0127862373590608,2.23264332370349
"THOC7-AS1",463.27,331,0.0128249835328761,2.23147068762266
"LOC101927770",462.12,332,0.0128637297066915,2.23030111197678
"NOP56",461.69,333,0.0129024758805068,2.22913457924113
"SNORA105C",461.21,334,0.0129412220543221,2.227971072044
"MAZ",459.38,335,0.0129799682281375,2.22681057316482
"PNMA1",457.51,336,0.0130187144019528,2.22565306553246
"MASCRNA",457.3,337,0.0130574605757681,2.22449853222347
"IER2",456.905,338,0.0130962067495835,2.22334695646035
"HSPB1",455.72,339,0.0131349529233988,2.22219832160988
"TUBA1B",453.105,340,0.0131736990972142,2.22105261118145
"MIR4690",451.765,341,0.0132124452710295,2.21990980882542
"MIR98",449.68,342,0.0132511914448448,2.21876989833151
"HNRNPH3",448.86,343,0.0132899376186602,2.2176328636272
"PRICKLE2-AS1",447.795,344,0.0133286837924755,2.21649868877617
"RNA5S9",447.04,345,0.0133674299662908,2.21536735797673
"SNAR-B1",445.965,346,0.0134061761401062,2.2142388555603
"PPM1D",439.135,347,0.0134449223139215,2.21311316598995
"HIST2H2AC",436.47,348,0.0134836684877368,2.21199027385885
"PSMD6",436.095,349,0.0135224146615522,2.21087016388884
"EIF4G1",435.89,350,0.0135611608353675,2.20975282092901
"FOXA1",435.255,351,0.0135999070091828,2.20863822995423
"MIR6726",435.175,352,0.0136386531829982,2.2075263760638
"MIR6733",435.175,353,0.0136773993568135,2.20641724448003
"BOLA2",434.94,354,0.0137161455306289,2.20531082054689
"MYC",432.255,355,0.0137548917044442,2.20420708972867
"LOC606724",431.585,356,0.0137936378782595,2.20310603760866
"MIR4426",430.59,357,0.0138323840520749,2.20200764988782
"SNORD54",430.59,358,0.0138711302258902,2.20091191238354
"EIF4A1",427.145,359,0.0139098763997055,2.19981881102829
"SNORA40",426.08,360,0.0139486225735209,2.19872833186845
"IFITM10",424.945,361,0.0139873687473362,2.19764046106303
"LINC01522",424.18,362,0.0140261149211515,2.19655518488243
"MIR3196",423.965,363,0.0140648610949669,2.19547248970731
"SCARNA4",423.965,364,0.0141036072687822,2.1943923620273
"PVT1",422.585,365,0.0141423534425975,2.19331478843994
"RPL7",421.82,366,0.0141810996164129,2.19223975564943
"CYP24A1",421.215,367,0.0142198457902282,2.19116725046556
"SNORA36A",420.73,368,0.0142585919640436,2.19009725980253
"CELSR2",419.93,369,0.0142973381378589,2.18902977067788
"HSPA8",418.4,370,0.0143360843116742,2.18796477021139
"MIR3670-1",417.54,371,0.0143748304854896,2.18690224562399
"MIR6727",417.54,372,0.0144135766593049,2.18584218423667
"CSDE1",416.765,373,0.0144523228331202,2.18478457346949
"MIR6783",415.09,374,0.0144910690069356,2.18372940084049
"SNORA41",414.4,375,0.0145298151807509,2.18267665396469
"SNORA44",414.4,376,0.0145685613545662,2.18162632055306
"ATP2B1-AS1",413.12,377,0.0146073075283816,2.18057838841154
"MIR378A",411.31,378,0.0146460537021969,2.17953284544005
"MIR4680",411.31,379,0.0146847998760122,2.17848967963153
"MIR4708",411.31,380,0.0147235460498276,2.17744887907094
"SNORA84",411.31,381,0.0147622922236429,2.17641043193437
"SNORD34",411.31,382,0.0148010383974583,2.17537432648806
"SCARNA6",410.69,383,0.0148397845712736,2.17434055108751
"TUBB4B",410.525,384,0.0148785307450889,2.17330909417652
"SNORA69",410.065,385,0.0149172769189043,2.17227994428637
"KMT2E-AS1",409.245,386,0.0149560230927196,2.17125309003486
"GPR37L1",409.085,387,0.0149947692665349,2.17022852012545
"MIR5684",408.8,388,0.0150335154403503,2.16920622334644
"PSMD6-AS2",407.26,389,0.0150722616141656,2.16818618857005
"SNORA50C",407.005,390,0.0151110077879809,2.16716840475161
"BCAS1",406.98,391,0.0151497539617963,2.16615286092874
"METTL12",406.085,392,0.0151885001356116,2.1651395462205
"SEMA4C",405.63,393,0.0152272463094269,2.1641284498266
"MIR7515",405.26,394,0.0152659924832423,2.16311956102657
"SNORD36C",405.26,395,0.0153047386570576,2.162112869179
"WFDC21P",405.245,396,0.015343484830873,2.16110836372073
"SNORA17B",403.985,397,0.0153822310046883,2.16010603416612
"MIR3064",402.7,398,0.0154209771785036,2.15910587010623
"MIR6788",402.7,399,0.015459723352319,2.1581078612081
"MIR6860",402.7,400,0.0154984695261343,2.157111997214
"MIR6882",402.7,401,0.0155372156999496,2.15611826794071
"SCARNA12",402.5,402,0.015575961873765,2.15512666327876
"SNORA50A",402.305,403,0.0156147080475803,2.15413717319174
"SNORA80B",402.305,404,0.0156534542213956,2.15314978771558
"SNORA48",401.02,405,0.015692200395211,2.15216449695786
"MIR1245B",399.39,406,0.0157309465690263,2.15118129109711
"HEATR6",398.58,407,0.0157696927428416,2.15020016038213
"PNRC2",398.575,408,0.015808438916657,2.14922109513131
"SRRM2",398.03,409,0.0158471850904723,2.14824408573197
"CBY3",397.94,410,0.0158859312642877,2.1472691226397
"MIR3124",396.775,411,0.015924677438103,2.14629619637771
"MIR379",396.775,412,0.0159634236119183,2.14532529753618
"MIR4662A",396.775,413,0.0160021697857337,2.14435641677163
"MIR6791",396.775,414,0.016040915959549,2.14338954480631
"MIR6829",396.775,415,0.0160796621333643,2.14242467242753
"CTSD",396.535,416,0.0161184083071797,2.14146179048711
"TCEAL3",394.755,417,0.016157154480995,2.14050088990072
"EEF1A1",394.62,418,0.0161959006548103,2.13954196164732
"LINC00994",393.84,419,0.0162346468286257,2.13858499676854
"MIR1245A",393.68,420,0.016273393002441,2.13762998636813
"MIR2909",393.68,421,0.0163121391762563,2.13667692161133
"MIR4639",393.68,422,0.0163508853500717,2.13572579372436
"HNRNPA3",392.405,423,0.016389631523887,2.13477659399381
"SNORA71A",392.36,424,0.0164283776977024,2.13382931376608
"MIR148A",391.025,425,0.0164671238715177,2.13288394444688
"MIR376A1",391.025,426,0.016505870045333,2.13194047750063
"SNORA75",391.025,427,0.0165446162191484,2.13099890444995
"HNRNPH1",390.595,428,0.0165833623929637,2.1300592168751
"PRMT6",389.72,429,0.016622108566779,2.12912140641351
"ARHGDIA",388.325,430,0.0166608547405944,2.12818546475918
"PRICKLE2-AS2",388.165,431,0.0166996009144097,2.12725138366225
"MIR3692",385.44,432,0.016738347088225,2.12631915492841
"MIR4537",385.44,433,0.0167770932620404,2.12538877041846
"MIR6849",385.44,434,0.0168158394358557,2.12446022204779
"MIR6854",385.44,435,0.016854585609671,2.12353350178587
"MIR7162",385.44,436,0.0168933317834864,2.1226086016558
"BHLHE40",384.86,437,0.0169320779573017,2.12168551373381
"C19ORF43",384.82,438,0.0169708241311171,2.12076423014876
"INTS2",383.66,439,0.0170095703049324,2.11984474308174
"RPS13",382.965,440,0.0170483164787477,2.11892704476553
"MIR4329",382.745,441,0.0170870626525631,2.11801112748418
"MIR5700",382.745,442,0.0171258088263784,2.11709698357255
"SNORD114-18",382.745,443,0.0171645550001937,2.11618460541585
"SNORD114-26",382.745,444,0.0172033011740091,2.11527398544923
"SNORD50B",382.745,445,0.0172420473478244,2.11436511615729
"RNFT1",380.27,446,0.0172807935216397,2.11345799007369
"MIR374C",380.01,447,0.0173195396954551,2.11255259978067
"GSKIP",379.975,448,0.0173582858692704,2.1116489379087
"C19ORF48",378.835,449,0.0173970320430857,2.11074699713598
"MIR30C2",377.505,450,0.0174357782169011,2.10984677018808
"MIR6766",377.505,451,0.0174745243907164,2.10894824983751
"LBHD1",376.625,452,0.0175132705645318,2.1080514289033
"CA4",375.355,453,0.0175520167383471,2.10715630025062
"C17ORF64",375.045,454,0.0175907629121624,2.10626285679037
"HSP90AB1",374.92,455,0.0176295090859778,2.10537109147879
"MIR6511B2",374.735,456,0.0176682552597931,2.10448099731706
"MIR6748",374.735,457,0.0177070014336084,2.10359256735095
"SNORD114-23",374.735,458,0.0177457476074238,2.10270579467038
"SNORD56",374.735,459,0.0177844937812391,2.1018206724091
"LOC653653",374.31,460,0.0178232399550544,2.10093719374429
"HSPA5",373.73,461,0.0178619861288698,2.10005535189619
"MIR4315-1",372.4,462,0.0179007323026851,2.09917514012774
"MIR675",372.4,463,0.0179394784765004,2.09829655174421
"SNORD5",372.4,464,0.0179782246503158,2.09741958009287
"PIM3",371.005,465,0.0180169708241311,2.09654421856261
"ANP32AP1",370.565,466,0.0180557169979465,2.09567046058359
"MIR374B",369.6,467,0.0180944631717618,2.09479829962691
"MIR4709",369.6,468,0.0181332093455771,2.09392772920426
"MIR941-5",369.6,469,0.0181719555193925,2.09305874286758
"MIR4435-2",367.435,470,0.0182107016932078,2.09219133420871
"MIR4751",367.435,471,0.0182494478670231,2.0913254968591
"MIR6773",367.435,472,0.0182881940408385,2.09046122448943
"MIR24-2",364.605,473,0.0183269402146538,2.08959851080934
"MIR3194",364.605,474,0.0183656863884691,2.08873734956704
"RNU12",363.59,475,0.0184044325622845,2.08787773454907
"HNRNPA1P10",363.525,476,0.0184431787360998,2.08701965957991
"MIR4794",362.6,477,0.0184819249099151,2.08616311852172
"SNORD59B",362.6,478,0.0185206710837305,2.08530810527403
"LOC105371849",362.25,479,0.0185594172575458,2.08445461377338
"MIR3171",359.745,480,0.0185981634313612,2.08360263799311
"MIR3667",359.745,481,0.0186369096051765,2.08275217194296
"MIR6821",359.745,482,0.0186756557789918,2.08190320966886
"TFF1",359.025,483,0.0187144019528072,2.08105574525256
"MIR4720",357.895,484,0.0187531481266225,2.08020977281142
"MIR5087",357.895,485,0.0187918943004378,2.07936528649807
"USP32",355.595,486,0.0188306404742532,2.07852228050011
"MIR4656",355.01,487,0.0188693866480685,2.0776807490399
"MIR4713",355.01,488,0.0189081328218838,2.07684068637421
"MIR6750",355.01,489,0.0189468789956992,2.07600208679398
"MIR920",355.01,490,0.0189856251695145,2.07516494462404
"MIR3175",353.305,491,0.0190243713433298,2.07432925422284
"MIR4714",353.305,492,0.0190631175171452,2.07349500998218
"CYB5R1",353.055,493,0.0191018636909605,2.07266220632695
"CD2BP2",352.685,494,0.0191406098647759,2.07183083771486
"SLC7A5",352.525,495,0.0191793560385912,2.0710008986362
"BCAS3",350.83,496,0.0192181022124065,2.07017238361354
"MIR5694",350.4,497,0.0192568483862219,2.06934528720153
"RPL17",349.155,498,0.0192955945600372,2.06851960398662
"MIR664A",348.83,499,0.0193343407338525,2.06769532858678
"FTL",346.94,500,0.0193730869076679,2.06687245565135
"HNRNPF",346.2,501,0.0194118330814832,2.06605097986065
"RCC1",345.935,502,0.0194505792552985,2.06523089592589
"MIR26A1",345.905,503,0.0194893254291139,2.06441219858882
"MIR96",345.905,504,0.0195280716029292,2.06359488262154
"C21ORF33",344.905,505,0.0195668177767445,2.06277894282625
"SFPQ",344.48,506,0.0196055639505599,2.06196437403504
"PREX1",343.385,507,0.0196443101243752,2.06115117110963
"RPL12",342.325,508,0.0196830562981906,2.06033932894116
"MIR4293",341.53,509,0.0197218024720059,2.05952884244994
"MIR656",341.53,510,0.0197605486458212,2.05871970658527
"RPL18A",340.825,511,0.0197992948196366,2.05791191632519
"CEMP1",340.29,512,0.0198380409934519,2.05710546667624
"MIR1910",340.22,513,0.0198767871672672,2.05630035267328
"MIR4435-1",340.22,514,0.0199155333410826,2.05549656937926
"MIR4636",340.22,515,0.0199542795148979,2.05469411188501
"TBC1D3P1-DHX40P1",339.505,516,0.0199930256887132,2.05389297530901
"MIR563",337.26,517,0.0200317718625286,2.05309315479721
"MIR601",337.26,518,0.0200705180363439,2.0522946455228
"SOX4",336.41,519,0.0201092642101592,2.05149744268601
"MIR378C",336.07,520,0.0201480103839746,2.05070154151391
"MIR4308",336.07,521,0.0201867565577899,2.04990693726022
"GSE1",335.33,522,0.0202255027316053,2.04911362520507
"RNVU1-4",334.035,523,0.0202642489054206,2.04832160065486
"RPL8",333.4,524,0.0203029950792359,2.04753085894201
"MIR1909",333.095,525,0.0203417412530513,2.04674139542481
"MIR1915",333.095,526,0.0203804874268666,2.04595320548718
"MIR3689D2",333.095,527,0.0204192336006819,2.04516628453853
"MIR4647",333.095,528,0.0204579797744973,2.04438062801354
"MIR4760",333.095,529,0.0204967259483126,2.04359623137199
"MIR4748",332.02,530,0.0205354721221279,2.04281309009854
"JUNB",330.805,531,0.0205742182959433,2.04203119970259
"MIR4477A",329.035,532,0.0206129644697586,2.0412505557181
"SNORD115-15",329.035,533,0.0206517106435739,2.04047115370334
"FUS",328.72,534,0.0206904568173893,2.0396929892408
"MIR4518",328.07,535,0.0207292029912046,2.03891605793697
"MIR4688",328.07,536,0.02076794916502,2.03814035542216
"MIR518B",328.07,537,0.0208066953388353,2.03736587735035
"MIR938",328.07,538,0.0208454415126506,2.03659261939897
"CENPB",327.77,539,0.020884187686466,2.0358205772688
"RPS24",326.7,540,0.0209229338602813,2.03504974668375
"MIR1244-1",325.07,541,0.0209616800340966,2.03428012339071
"MIR136",325.07,542,0.021000426207912,2.03351170315936
"MIR323B",325.07,543,0.0210391723817273,2.03274448178208
"MIR8056",325.07,544,0.0210779185555426,2.03197845507366
"RNVU1-15",325.07,545,0.021116664729358,2.03121361887127
"SNORD115-30",325.07,546,0.0211554109031733,2.03044996903423
"MIR25",324.21,547,0.0211941570769886,2.02968750144383
"MIR3646",324.21,548,0.021232903250804,2.02892621200326
"LOC101927755",324.11,549,0.0212716494246193,2.02816609663737
"AP4B1",323.165,550,0.0213103955984347,2.02740715129254
"SKA2",322.315,551,0.02134914177225,2.02664937193654
"MIR429",321.2,552,0.0213878879460653,2.02589275455839
"APEX1",320.825,553,0.0214266341198807,2.02513729516818
"HSPD1",320.72,554,0.021465380293696,2.02438298979692
"MIR4691",320.44,555,0.0215041264675113,2.02362983449642
"SNORD105",320.44,556,0.0215428726413267,2.02287782533913
"HNRNPA2B1",319.75,557,0.021581618815142,2.02212695841799
"APPBP2",319.73,558,0.0216203649889573,2.02137722984628
"MIR3179-1",317.42,559,0.0216591111627727,2.02062863575752
"MIR4490",317.42,560,0.021697857336588,2.01988117230525
"MIR6165",317.42,561,0.0217366035104033,2.01913483566298
"MIRLET7I",317.42,562,0.0217753496842187,2.01838962202399
"MIR125A",316.755,563,0.021814095858034,2.0176455276012
"MIR4257",316.755,564,0.0218528420318494,2.01690254862707
"MIR4448",316.755,565,0.0218915882056647,2.01616068135342
"SNORA103",316.755,566,0.02193033437948,2.01541992205132
"SNORD1B",316.755,567,0.0219690805532954,2.01468026701094
"RPL31",314.285,568,0.0220078267271107,2.01394171254147
"MIR126",313.73,569,0.022046572900926,2.01320425497091
"MIR3167",313.73,570,0.0220853190747414,2.01246789064599
"MIR5090",313.73,571,0.0221240652485567,2.01173261593204
"MIR6511B1",313.73,572,0.022162811422372,2.01099842721287
"PCBP1",313.45,573,0.0222015575961874,2.01026532089059
"MIR152",313.155,574,0.0222403037700027,2.00953329338557
"MIR519A2",313.155,575,0.022279049943818,2.00880234113623
"MIRLET7D",313.155,576,0.0223177961176334,2.00807246059898
"PPDPF",312.8,577,0.0223565422914487,2.00734364824809
"MFSD3",312.175,578,0.0223952884652641,2.00661590057551
"PSRC1",310.87,579,0.0224340346390794,2.00588921409084
"HIST1H2AJ",310.535,580,0.0224727808128947,2.00516358532115
"MIR301A",310.125,581,0.0225115269867101,2.00443901081087
"MIR520H",309.64,582,0.0225502731605254,2.0037154871217
"MIR548E",309.64,583,0.0225890193343407,2.00299301083246
"MIR548H2",309.64,584,0.0226277655081561,2.002271578539
"C16ORF91",308.745,585,0.0226665116819714,2.00155118685408
"SCARNA9",308.13,586,0.0227052578557867,2.00083183240725
"C6ORF141",307.865,587,0.0227440040296021,2.00011351184473
"MIR3613",306.6,588,0.0227827502034174,1.99939622182936
"MIR6765",306.6,589,0.0228214963772327,1.99867995904038
"MIR548G",306.195,590,0.0228602425510481,1.99796472017342
"MIR9-1",306.195,591,0.0228989887248634,1.99725050194035
"OLFML3",305.79,592,0.0229377348986788,1.99653730106917
"TRIM33",305.595,593,0.0229764810724941,1.99582511430392
"SRSF5",305.485,594,0.0230152272463094,1.99511393840456
"BCAS4",305.38,595,0.0230539734201248,1.99440377014686
"SNORA81",304.685,596,0.0230927195939401,1.99369460632232
"PPIA",304.26,597,0.0231314657677554,1.99298644373807
"PCBD2",303.585,598,0.0231702119415708,1.99227927921671
"REXO1L2P",303.27,599,0.0232089581153861,1.99157310959628
"MIR708",303.155,600,0.0232477042892014,1.99086793173014
"MIR153-1",302.835,601,0.0232864504630168,1.99016374248682
"TMEM75",302.685,602,0.0233251966368321,1.98946053875
"MIR4721",299.785,603,0.0233639428106474,1.98875831741835
"MIR4754",299.785,604,0.0234026889844628,1.98805707540547
"MIR493",299.785,605,0.0234414351582781,1.98735680963978
"TRIP6",299.7,606,0.0234801813320935,1.98665751706442
"SNORD134",299.66,607,0.0235189275059088,1.98595919463715
"MIR412",299.54,608,0.0235576736797241,1.98526183933027
"MIR4306",299.54,609,0.0235964198535395,1.98456544813055
"MIR449A",299.54,610,0.0236351660273548,1.98387001803906
"ZBED6",299.09,611,0.0236739122011701,1.98317554607116
"TRAPPC1",298.845,612,0.0237126583749855,1.98248202925638
"VMP1",298.835,613,0.0237514045488008,1.9817894646383
"HNRNPAB",297.965,614,0.0237901507226161,1.98109784927452
"VPS9D1-AS1",297.91,615,0.0238288968964315,1.9804071802365
"TRIB1",296.705,616,0.0238676430702468,1.97971745460954
"CSNK1D",296.575,617,0.0239063892440621,1.97902866949264
"MIR1225",296.49,618,0.0239451354178775,1.97834082199846
"MIR1287",296.49,619,0.0239838815916928,1.97765390925318
"MIR129-2",296.49,620,0.0240226277655082,1.97696792839646
"MIR3691",296.49,621,0.0240613739393235,1.97628287658133
"MIR6807",296.32,622,0.0241001201131388,1.97559875097414
"BCL2L2",296.185,623,0.0241388662869542,1.9749155487544
"THOC7",295.78,624,0.0241776124607695,1.9742332671148
"PIEZO1",295.625,625,0.0242163586345848,1.97355190326106
"RPL32",295.56,626,0.0242551048084002,1.97287145441183
"TRMT12",294.8,627,0.0242938509822155,1.9721919177987
"LOC339059",294.27,628,0.0243325971560308,1.97151329066602
"FASN",293.975,629,0.0243713433298462,1.97083557027089
"SLC38A2",293.39,630,0.0244100895036615,1.97015875388303
"KRTAP12-2",293.245,631,0.0244488356774768,1.96948283878476
"MIR5091",293.17,632,0.0244875818512922,1.96880782227085
"TEX14",292.155,633,0.0245263280251075,1.96813370164852
"ZNF580",291.98,634,0.0245650741989229,1.96746047423729
"IER5",291.83,635,0.0246038203727382,1.96678813736896
"NHP2",291.71,636,0.0246425665465535,1.96611668838751
"EBNA1BP2",291.155,637,0.0246813127203689,1.96544612464903
"FTH1",290.525,638,0.0247200588941842,1.96477644352165
"SNORD105B",290.115,639,0.0247588050679995,1.96410764238543
"TNFRSF12A",290.095,640,0.0247975512418149,1.96343971863236
"MIR575",290.08,641,0.0248362974156302,1.96277266966622
"MIR940",290.08,642,0.0248750435894455,1.96210649290254
"RNF139",290.015,643,0.0249137897632609,1.96144118576853
"ID1",288.21,644,0.0249525359370762,1.96077674570298
"NPIPB5",287.73,645,0.0249912821108915,1.96011317015623
"MIR2277",287.03,646,0.0250300282847069,1.95945045659008
"WDR6",286.76,647,0.0250687744585222,1.95878860247772
"EGR3",286.7,648,0.0251075206323376,1.95812760530365
"RPS11",286.28,649,0.0251462668061529,1.95746746256364
"RPS2",285.695,650,0.0251850129799682,1.95680817176465
"MIR548AP",284.1,651,0.0252237591537836,1.95614973042474
"MIR581",284.1,652,0.0252625053275989,1.95549213607304
"MIR610",284.1,653,0.0253012515014142,1.95483538624966
"MIR6125",284.1,654,0.0253399976752296,1.95417947850564
"MIR644A",284.01,655,0.0253787438490449,1.95352441040287
"MIR648",284.01,656,0.0254174900228602,1.95287017951403
"SNORD116-27",284.01,657,0.0254562361966756,1.95221678342253
"PRICKLE2",283.265,658,0.0254949823704909,1.95156421972244
"PABPC1",283.225,659,0.0255337285443063,1.95091248601844
"HIST1H1D",282.63,660,0.0255724747181216,1.95026157992573
"MIR3663",281.2,661,0.0256112208919369,1.94961149907001
"MIR548AL",281.2,662,0.0256499670657523,1.94896224108737
"MIR598",281.2,663,0.0256887132395676,1.94831380362427
"MIR603",281.2,664,0.0257274594133829,1.94766618433744
"MIR6081",281.2,665,0.0257662055871983,1.94701938089387
"SNORD116-1",281.2,666,0.0258049517610136,1.94637339097068
"MIR340",281.05,667,0.0258436979348289,1.94572821225515
"MIR4290",281.05,668,0.0258824441086443,1.94508384244456
"MIR616",281.05,669,0.0259211902824596,1.94444027924623
"MRFAP1",279.265,670,0.0259599364562749,1.94379752037738
"MEA1",278.61,671,0.0259986826300903,1.94315556356513
"MIR345",278.36,672,0.0260374288039056,1.94251440654641
"MIR623",278.36,673,0.026076174977721,1.9418740470679
"MIR744",278.36,674,0.0261149211515363,1.941234482886
"MIR549A",278.15,675,0.0261536673253516,1.94059571176677
"TUG1",277.39,676,0.026192413499167,1.93995773148584
"FAU",276.285,677,0.0262311596729823,1.93932053982839
"MIR135B",275.315,678,0.0262699058467976,1.93868413458908
"MIR548AA1",275.315,679,0.026308652020613,1.93804851357201
"MIR584",275.315,680,0.0263473981944283,1.93741367459063
"NRAS",274.72,681,0.0263861443682436,1.93677961546773
"NCBP2-AS2",274.675,682,0.026424890542059,1.93614633403537
"RPL5",274.485,683,0.0264636367158743,1.93551382813482
"LINC01999",274.04,684,0.0265023828896896,1.9348820956165
"NDUFB9",273.495,685,0.026541129063505,1.93425113433994
"TAGLN2",273.275,686,0.0265798752373203,1.93362094217375
"MIR3605",272.85,687,0.0266186214111357,1.93299151699553
"MIR4441",272.85,688,0.026657367584951,1.93236285669183
"MIR5047",272.85,689,0.0266961137587663,1.93173495915811
"MIR657",272.535,690,0.0267348599325817,1.93110782229868
"ABALON",271.665,691,0.026773606106397,1.93048144402665
"ACADVL",271,692,0.0268123522802123,1.92985582226391
"AHNAK",270.825,693,0.0268510984540277,1.92923095494102
"ATXN7",270.305,694,0.026889844627843,1.92860683999721
"NUDT4P2",269.905,695,0.0269285908016583,1.92798347538032
"MIR1273F",269.81,696,0.0269673369754737,1.92736085904673
"MIR619",269.81,697,0.027006083149289,1.92673898896137
"MIR637",269.81,698,0.0270448293231043,1.92611786309758
"SNORD126",269.81,699,0.0270835754969197,1.92549747943715
"SNHG5",269.445,700,0.027122321670735,1.92487783597024
"GATA3",269.365,701,0.0271610678445504,1.9242589306953
"HNRNPA1",269.285,702,0.0271998140183657,1.9236407616191
"DCLRE1B",267.98,703,0.027238560192181,1.9230233267566
"RAB30-AS1",267.55,704,0.0272773063659964,1.92240662413097
"HIST1H2AD",267.385,705,0.0273160525398117,1.9217906517735
"MIR1273G",267.135,706,0.027354798713627,1.92117540772358
"MIR4311",267.135,707,0.0273935448874424,1.92056089002865
"MIR548X2",267.135,708,0.0274322910612577,1.91994709674416
"FKBP2",266.035,709,0.027471037235073,1.91933402593351
"SNORD9",264.98,710,0.0275097834088884,1.91872167566801
"ZFP36",264.79,711,0.0275485295827037,1.91811004402686
"PSMB10",264.69,712,0.027587275756519,1.91749912909707
"TAF1C",264.18,713,0.0276260219303344,1.91688892897347
"RAD51C",263.675,714,0.0276647681041497,1.91627944175858
"MC1R",263.335,715,0.0277035142779651,1.91567066556268
"PABPN1",263.265,716,0.0277422604517804,1.91506259850366
"S100A14",262.455,717,0.0277810066255957,1.91445523870706
"POP7",262.28,718,0.0278197527994111,1.91384858430599
"SULT1A3",262.035,719,0.0278584989732264,1.91324263344108
"MIR133A2",261.95,720,0.0278972451470417,1.91263738426046
"NR2F2",261.32,721,0.0279359913208571,1.91203283491973
"HIST1H1C",260.81,722,0.0279747374946724,1.91142898358189
"RPLP0",260.65,723,0.0280134836684877,1.91082582841731
"SF3B4",259.075,724,0.0280522298423031,1.9102233676037
"C8ORF76",258.995,725,0.0280909760161184,1.90962159932605
"SPDYE6",258.22,726,0.0281297221899337,1.90902052177664
"NUDT4P1",258.105,727,0.0281684683637491,1.90842013315491
"STAG3L1",257.615,728,0.0282072145375644,1.90782043166753
"AMPD2",257.09,729,0.0282459607113798,1.90722141552828
"DOK5",256.52,730,0.0282847068851951,1.90662308295804
"SPTSSB",254.55,731,0.0283234530590104,1.90602543218477
"LZTS2",254.38,732,0.0283621992328258,1.90542846144343
"HIST2H2AA3",254.315,733,0.0284009454066411,1.90483216897599
"RPL22L1",254.085,734,0.0284396915804564,1.90423655303135
"ENSA",253.645,735,0.0284784377542718,1.90364161186534
"FAM102A",253.075,736,0.0285171839280871,1.90304734374065
"POLR2J",252.855,737,0.0285559301019024,1.90245374692683
"MCM7",252.785,738,0.0285946762757178,1.90186081970021
"MIR1248",252.155,739,0.0286334224495331,1.9012685603439
"RPL39",252.025,740,0.0286721686233484,1.90067696714775
"MIR6129",250.525,741,0.0287109147971638,1.90008603840828
"HNRNPC",249.795,742,0.0287496609709791,1.89949577242871
"LOXL1",248.8,743,0.0287884071447945,1.89890616751884
"KLF10",248.605,744,0.0288271533186098,1.8983172219951
"LRFN4",248.55,745,0.0288658994924251,1.89772893418046
"MIR3936",248.27,746,0.0289046456662405,1.8971413024044
"SNORD23",248.27,747,0.0289433918400558,1.89655432500292
"TUBA1A",248.215,748,0.0289821380138711,1.89596800031845
"DPM2",248.185,749,0.0290208841876865,1.89538232669984
"DYNLL2",248.02,750,0.0290596303615018,1.89479730250234
"MAT2A",247.895,751,0.0290983765353171,1.89421292608754
"RPL13AP20",247.53,752,0.0291371227091325,1.89362919582337
"SLC7A5P2",246.425,753,0.0291758688829478,1.89304611008402
"TOB2",246.4,754,0.0292146150567631,1.89246366724997
"HIPK1",246.39,755,0.0292533612305785,1.89188186570789
"IL18BP",246.31,756,0.0292921074043938,1.89130070385066
"RPS16",246.155,757,0.0293308535782092,1.89072018007732
"SPDYE1",245.715,758,0.0293695997520245,1.89014029279302
"MIR2682",245.28,759,0.0294083459258398,1.88956104040903
"CDK10",245.195,760,0.0294470920996552,1.88898242134267
"FOS",245.045,761,0.0294858382734705,1.88840443401729
"MIR497",243.875,762,0.0295245844472858,1.88782707686225
"SNORD11B",243.875,763,0.0295633306211012,1.88725034831287
"MIR10A",243.07,764,0.0296020767949165,1.88667424681043
"MIR181A2",243.07,765,0.0296408229687318,1.88609877080212
"MIR199B",243.07,766,0.0296795691425472,1.88552391874098
"MIR202",243.07,767,0.0297183153163625,1.88494968908593
"MIR219A1",243.07,768,0.0297570614901778,1.88437608030171
"APRT",242.945,769,0.0297958076639932,1.88380309085883
"KRT18",242.9,770,0.0298345538378085,1.88323071923359
"CENPBD1",242.67,771,0.0298733000116239,1.882658963908
"IMP3",242.605,772,0.0299120461854392,1.88208782336978
"TERC",241.32,773,0.0299507923592545,1.88151729611233
"TPM4",241.215,774,0.0299895385330699,1.88094738063469
"EIF5",241.12,775,0.0300282847068852,1.88037807544152
"MIR766",240.9,776,0.0300670308807005,1.87980937904308
"TRIM28",240.555,777,0.0301057770545159,1.87924128995517
"CLCF1",240.4,778,0.0301445232283312,1.87867380669913
"RPL21",240.215,779,0.0301832694021465,1.87810692780183
"ANKRD11",240.155,780,0.0302220155759619,1.87754065179558
"SNORD128",239.635,781,0.0302607617497772,1.87697497721817
"HIST2H3D",239.42,782,0.0302995079235925,1.87640990261279
"TRMT112",239.14,783,0.0303382540974079,1.87584542652805
"C12ORF57",238.76,784,0.0303770002712232,1.87528154751791
"DDX17",238.375,785,0.0304157464450386,1.87471826414169
"POLR2J2",238.055,786,0.0304544926188539,1.87415557496401
"FEN1",237.265,787,0.0304932387926692,1.87359347855479
"GAS5-AS1",237.075,788,0.0305319849664846,1.87303197348921
"CANX",237.02,789,0.0305707311402999,1.87247105834769
"SCARNA9L",236.885,790,0.0306094773141152,1.87191073171585
"DAZAP2",236.76,791,0.0306482234879306,1.87135099218452
"PET100",236.68,792,0.0306869696617459,1.87079183834966
"MIR5571",236.675,793,0.0307257158355612,1.8702332688124
"C9ORF131",235.835,794,0.0307644620093766,1.86967528217895
"NPM1",234.895,795,0.0308032081831919,1.86911787706061
"MIR431",234.615,796,0.0308419543570072,1.86856105207375
"POLR2J3",234.475,797,0.0308807005308226,1.86800480583976
"NBEAL2",234.175,798,0.0309194467046379,1.86744913698507
"SERHL2",233.055,799,0.0309581928784533,1.86689404414106
"LOC100132249",232.575,800,0.0309969390522686,1.86633952594409
"HIST2H2BE",232.32,801,0.0310356852260839,1.86578558103545
"HMGB2",231.885,802,0.0310744313998993,1.86523220806135
"PRDX1",231.855,803,0.0311131775737146,1.86467940567289
"SNX5",231.485,804,0.0311519237475299,1.86412717252602
"STAG3L3",231.235,805,0.0311906699213453,1.86357550728155
"MIR1256",229.65,806,0.0312294160951606,1.8630244086051
"SNHG7",229.355,807,0.0312681622689759,1.86247387516709
"USF1",228.795,808,0.0313069084427913,1.86192390564269
"COL18A1-AS1",228.735,809,0.0313456546166066,1.86137449871186
"HDGF",228.5,810,0.0313844007904219,1.86082565305926
"HIST1H3I",228.195,811,0.0314231469642373,1.86027736737424
"SNAR-C1",227.75,812,0.0314618931380526,1.85972964035086
"SNAR-C2",227.75,813,0.031500639311868,1.85918247068782
"TARDBP",227.06,814,0.0315393854856833,1.85863585708845
"LOC728673",226.96,815,0.0315781316594986,1.85808979826072
"TCEAL4",226.36,816,0.031616877833314,1.85754429291717
"SPATA13-AS1",225.97,817,0.0316556240071293,1.85699933977491
"STAG3L2",225.94,818,0.0316943701809446,1.8564549375556
"ZBTB11-AS1",225.93,819,0.03173311635476,1.85591108498543
"PDLIM7",225.27,820,0.0317718625285753,1.85536778079509
"HNRNPL",224.92,821,0.0318106087023906,1.85482502371976
"FRAT2",224.595,822,0.031849354876206,1.85428281249908
"RPSA",224.485,823,0.0318881010500213,1.85374114587711
"CCDC127",224.395,824,0.0319268472238366,1.85320002260237
"RHOV",224.165,825,0.031965593397652,1.85265944142773
"MIR7844",224.045,826,0.0320043395714673,1.85211940111048
"ANKRD52",224.015,827,0.0320430857452827,1.85157990041224
"LOC101927817",223.815,828,0.032081831919098,1.85104093809898
"ZNHIT2",223.705,829,0.0321205780929133,1.85050251294098
"KRT80",223.545,830,0.0321593242667287,1.84996462371282
"ATAD2",222.995,831,0.032198070440544,1.84942726919336
"TNK2-AS1",222.34,832,0.0322368166143593,1.84889044816569
"SNAR-F",222.24,833,0.0322755627881747,1.84835415941717
"SNORA54",222.24,834,0.03231430896199,1.84781840173935
"SARS",222.115,835,0.0323530551358053,1.84728317392799
"LOC407835",222.06,836,0.0323918013096207,1.84674847478302
"PFN2",221.63,837,0.032430547483436,1.84621430310854
"SNORA32",221.155,838,0.0324692936572513,1.84568065771276
"RNPS1",221.1,839,0.0325080398310667,1.84514753740804
"NDUFAF8",220.52,840,0.032546786004882,1.8446149410108
"PPM1E",220.305,841,0.0325855321786974,1.84408286734159
"VPS9D1",219.98,842,0.0326242783525127,1.84355131522498
"NFKBIA",219.665,843,0.032663024526328,1.8430202834896
"SPDYE2",219.535,844,0.0327017707001434,1.84248977096811
"RPL15",219.105,845,0.0327405168739587,1.84195977649715
"NOL3",219.04,846,0.032779263047774,1.84143029891737
"MON1B",219.01,847,0.0328180092215894,1.84090133707338
"C1QTNF6",218.945,848,0.0328567553954047,1.84037288981374
"SNORA77",218.71,849,0.03289550156922,1.83984495599094
"GBAT2",217.81,850,0.0329342477430354,1.83931753446139
"PSMB4",217.73,851,0.0329729939168507,1.83879062408538
"MAFK",217.695,852,0.033011740090666,1.83826422372711
"SOX13",217.59,853,0.0330504862644814,1.8377383322546
"SNORA53",217.285,854,0.0330892324382967,1.83721294853974
"ORMDL2",217.27,855,0.033127978612112,1.83668807145823
"PALM3",217.195,856,0.0331667247859274,1.83616369988959
"OCLM",216.67,857,0.0332054709597427,1.83563983271712
"TPT1",216.19,858,0.0332442171335581,1.8351164688279
"GATA2",216.09,859,0.0332829633073734,1.83459360711276
"AFG3L1P",216.055,860,0.0333217094811887,1.83407124646628
"PSMA5",215.465,861,0.0333604556550041,1.83354938578673
"BOLA2-SMG1P6",214.765,862,0.0333992018288194,1.83302802397613
"ATP1A1",214.67,863,0.0334379480026347,1.83250715994015
"PSME1",214.445,864,0.0334766941764501,1.83198679258816
"DDX11L9",214.065,865,0.0335154403502654,1.83146692083316
"EMC10",214.055,866,0.0335541865240807,1.83094754359181
"CENPX",213.92,867,0.0335929326978961,1.83042865978437
"SNHG9",213.875,868,0.0336316788717114,1.82991026833473
"SNORA19",213.625,869,0.0336704250455268,1.82939236817034
"HIST2H3A",213.585,870,0.0337091712193421,1.82887495822226
"SRSF9",213.275,871,0.0337479173931574,1.82835803742507
"SF1",213.24,872,0.0337866635669728,1.82784160471692
"N4BP3",212.75,873,0.0338254097407881,1.82732565903948
"CLTB",212.635,874,0.0338641559146034,1.8268101993379
"SCARNA27",212.445,875,0.0339029020884188,1.82629522456087
"SNORA27",212.445,876,0.0339416482622341,1.82578073366052
"CIDEB",212.415,877,0.0339803944360494,1.82526672559248
"ESRRA",212.255,878,0.0340191406098648,1.82475319931579
"SNORA30",211.985,879,0.0340578867836801,1.82424015379295
"SNORA36B",211.985,880,0.0340966329574954,1.82372758798986
"SNORA37",211.985,881,0.0341353791313108,1.82321550087583
"TSKU",211.84,882,0.0341741253051261,1.82270389142356
"EPPK1",211.505,883,0.0342128714789415,1.82219275860911
"COX8A",210.915,884,0.0342516176527568,1.82168210141192
"NAA10",210.72,885,0.0342903638265721,1.82117191881473
"GOLGA6A",210.1,886,0.0343291100003875,1.82066220980366
"ZFAS1",209.655,887,0.0343678561742028,1.82015297336811
"RPS6KB2",208.86,888,0.0344066023480181,1.81964420850077
"SCARNA8",208.77,889,0.0344453485218335,1.81913591419766
"IMPDH2",208.425,890,0.0344840946956488,1.818628089458
"IGF1R",208.135,891,0.0345228408694641,1.81812073328434
"LOC642361",208.115,892,0.0345615870432795,1.81761384468241
"CDC42SE1",207.88,893,0.0346003332170948,1.81710742266121
"HNRNPU",207.82,894,0.0346390793909101,1.81660146623291
"FAM133CP",207.545,895,0.0346778255647255,1.81609597441292
"RPL13AP5",207.34,896,0.0347165717385408,1.81559094621981
"MIR7853",207.2,897,0.0347553179123562,1.81508638067533
"HIPK1-AS1",207.05,898,0.0347940640861715,1.81458227680439
"LOC101928943",206.755,899,0.0348328102599868,1.81407863363503
"FAM231B",206.365,900,0.0348715564338022,1.81357545019843
"SCARNA23",205.96,901,0.0349103026076175,1.81307272552887
"SNORA17A",205.655,902,0.0349490487814328,1.81257045866377
"PPP1CA",205.54,903,0.0349877949552482,1.8120686486436
"LINC00494",205.525,904,0.0350265411290635,1.81156729451192
"LOC283922",205.355,905,0.0350652873028788,1.81106639531536
"STUB1",205.33,906,0.0351040334766942,1.81056595010359
"NPIPB4",204.66,907,0.0351427796505095,1.81006595792932
"ADAMTS9-AS1",204.645,908,0.0351815258243248,1.80956641784828
"ATXN1L",204.505,909,0.0352202719981402,1.80906732891921
"MIR3652",204.4,910,0.0352590181719555,1.80856869020386
"SNORA24",204.4,911,0.0352977643457709,1.80807050076694
"ATF4",204.395,912,0.0353365105195862,1.80757275967615
"SNORA16A",204.13,913,0.0353752566934015,1.80707546600215
"SNORA80E",204.13,914,0.0354140028672169,1.80657861881854
"DDX11L1",203.885,915,0.0354527490410322,1.80608221720184
"ADAMTS9",203.755,916,0.0354914952148475,1.80558626023153
"HOOK2",203.315,917,0.0355302413886629,1.80509074698995
"PRAC1",203.29,918,0.0355689875624782,1.80459567656238
"YWHAZ",202.975,919,0.0356077337362935,1.80410104803695
"SENP3-EIF4A1",202.9,920,0.0356464799101089,1.80360686050469
"PIP5K1A",202.895,921,0.0356852260839242,1.80311311305947
"SNORA51",202.865,922,0.0357239722577396,1.80261980479801
"ATG101",202.76,923,0.0357627184315549,1.80212693481988
"HNRNPK",202.725,924,0.0358014646053702,1.80163450222745
"SNORA2A",202.63,925,0.0358402107791856,1.80114250612593
"SNORA46",202.63,926,0.0358789569530009,1.80065094562331
"TAF13",202.475,927,0.0359177031268162,1.80015981983036
"IL17C",202.44,928,0.0359564493006316,1.79966912786065
"PRICKLE2-AS3",202.145,929,0.0359951954744469,1.79917886883051
"MGAT2",201.95,930,0.0360339416482622,1.798689041859
"SNORA9",201.35,931,0.0360726878220776,1.79819964606795
"LINC01783",201.245,932,0.0361114339958929,1.7977106805819
"SLX1A-SULT1A3",200.88,933,0.0361501801697082,1.79722214452813
"CYB561D1",200.805,934,0.0361889263435236,1.7967340370366
"SERBP1",200.445,935,0.0362276725173389,1.79624635723998
"PAQR4",200.245,936,0.0362664186911542,1.79575910427363
"HFM1",200.115,937,0.0363051648649696,1.79527227727558
"SNORA22",199.855,938,0.0363439110387849,1.79478587538652
"MIR181D",199.695,939,0.0363826572126003,1.79429989774978
"SCARNA11",199.695,940,0.0364214033864156,1.79381434351136
"SNORA2B",199.695,941,0.0364601495602309,1.79332921181985
"SNORA4",199.695,942,0.0364988957340463,1.79284450182649
"TCF25",199.64,943,0.0365376419078616,1.79236021268512
"RPS6",199.635,944,0.0365763880816769,1.79187634355217
"RIPK4",199.245,945,0.0366151342554923,1.79139289358667
"TIGD1",199.035,946,0.0366538804293076,1.79090986195019
"SPRYD4",198.885,947,0.0366926266031229,1.79042724780691
"PDCD5",198.44,948,0.0367313727769383,1.78994505032355
"LOC730202",198.39,949,0.0367701189507536,1.78946326866934
"SCARNA18B",198.39,950,0.036808865124569,1.7889819020161
"SNORA63",198.39,951,0.0368476112983843,1.78850094953813
"MIR1302-3",198.255,952,0.0368863574721996,1.78802041041226
"SCARNA21",198.255,953,0.036925103646015,1.78754028381782
"PFDN5",198.11,954,0.0369638498198303,1.78706056893663
"BCL9L",198.07,955,0.0370025959936456,1.78658126495298
"SYT12",197.89,956,0.037041342167461,1.78610237105367
"CROCCP2",197.835,957,0.0370800883412763,1.78562388642791
"PKMYT1",197.71,958,0.0371188345150916,1.78514581026741
"SCRIB",197.315,959,0.037157580688907,1.78466814176628
"TUFT1",196.995,960,0.0371963268627223,1.78419088012109
"SNORA80A",196.94,961,0.0372350730365376,1.78371402453082
"SNORA7B",196.84,962,0.037273819210353,1.78323757419687
"RPS25",196.665,963,0.0373125653841683,1.78276152832303
"RPL23",196.33,964,0.0373513115579837,1.78228588611549
"URB1-AS1",195.985,965,0.037390057731799,1.78181064678283
"RPS5",195.835,966,0.0374288039056143,1.78133580953598
"SNORD94",195.515,967,0.0374675500794297,1.78086137358826
"B3GNT8",195.055,968,0.037506296253245,1.78038733815533
"PILRB",194.95,969,0.0375450424270603,1.7799137024552
"PMEPA1",194.8,970,0.0375837886008757,1.77944046570821
"PTPN7",194.435,971,0.037622534774691,1.77896762713702
"TMEM183B",194.425,972,0.0376612809485063,1.77849518596662
"MIR1302-10",194.105,973,0.0377000271223217,1.77802314142431
"RNVU1-8",194.07,974,0.037738773296137,1.77755149273967
"DDIT4",193.985,975,0.0377775194699523,1.77708023914458
"SREBF1",193.945,976,0.0378162656437677,1.7766093798732
"CDT1",193.735,977,0.037855011817583,1.77613891416196
"RPL36",193.67,978,0.0378937579913984,1.77566884124954
"THSD4",193.62,979,0.0379325041652137,1.7751991603769
"POLE3",193.54,980,0.037971250339029,1.7747298707872
"DHX40",193.515,981,0.0380099965128444,1.77426097172588
"THRIL",193.49,982,0.0380487426866597,1.77379246244057
"RASA4",193.275,983,0.038087488860475,1.77332434218115
"ZHX1-C8ORF76",192.925,984,0.0381262350342904,1.77285661019967
"C3ORF49",192.865,985,0.0381649812081057,1.77238926575041
"FUK",192.79,986,0.038203727381921,1.77192230808983
"TIPARP-AS1",192.715,987,0.0382424735557364,1.77145573647657
"SNORA70G",192.71,988,0.0382812197295517,1.77098955017144
"SNORD97",192.71,989,0.038319965903367,1.77052374843743
"RPS10",192.69,990,0.0383587120771824,1.77005833053966
"WDR74",192.345,991,0.0383974582509977,1.76959329574543
"HIST1H2AE",192.035,992,0.038436204424813,1.76912864332415
"SPG7",191.95,993,0.0384749505986284,1.76866437254737
"CLDN3",191.81,994,0.0385136967724437,1.76820048268878
"RAB17",191.67,995,0.0385524429462591,1.76773697302415
"C15ORF39",191.575,996,0.0385911891200744,1.76727384283139
"ACTRT3",191.485,997,0.0386299352938897,1.76681109139049
"TPSB2",191.465,998,0.0386686814677051,1.76634871798353
"ULK3",191.465,999,0.0387074276415204,1.76588672189467
"TFAP2C",191.23,1000,0.0387461738153357,1.76542510241015
