"gene","rloop_density","rloop_rank","rloop_empirical_p","rloop_z"
"CDT1",62.22,1,3.71553838151148e-05,3.96204423605616
"APRT",59.96,2,7.43107676302296e-05,3.79336151245513
"SNORD32A",59.49,3,0.000111466151445344,3.69150352912403
"ACTB",56.25,4,0.000148621535260459,3.61769090831839
"SNORA68",50.81,5,0.000185776919075574,3.55950543936521
"MIR3188",50.47,6,0.000222932302890689,3.51133353521897
"SNORD134",46.11,7,0.000260087686705804,3.47014608025715
"EGR1",44.97,8,0.000297243070520918,3.43411763524301
"RNA5S9",44.53,9,0.000334398454336033,3.40206107084356
"RNA5S4",44.51,10,0.000371553838151148,3.37315996399904
"HCFC1R1",43.15,11,0.000408709221966263,3.34682822906588
"FOS",42.04,12,0.000445864605781378,3.32263058774533
"RNA5S5",41.93,13,0.000483019989596493,3.30023471300384
"MIR7641-2",41.83,14,0.000520175373411607,3.27938100383288
"RNA5S12",41.39,15,0.000557330757226722,3.25986271954274
"RNA5S7",41.35,16,0.000594486141041837,3.24151247964521
"PPDPF",40.87,17,0.000631641524856952,3.22419282528615
"SNORA10",40.6,18,0.000668796908672067,3.20778945683908
"RNA5S15",40.58,19,0.000705952292487181,3.19220628453488
"RNA5S2",40.37,20,0.000743107676302296,3.17736173757108
"RNA5S10",39.8,21,0.000780263060117411,3.16318596566212
"RPL18A",39.69,22,0.000817418443932526,3.1496186855998
"JUNB",39.14,23,0.000854573827747641,3.13660750198486
"SNORD34",39.07,24,0.000891729211562755,3.12410658191011
"THOC6",38.69,25,0.00092888459537787,3.11207559753676
"RPL13A",38.04,26,0.000966039979192985,3.10047887399428
"MRPS34",37.95,27,0.0010031953630081,3.08928469646595
"BICDL2",37.84,28,0.00104035074682321,3.07846474199566
"RNA5S1",37.73,29,0.00107750613063833,3.06799360996439
"HIST1H1E",37.49,30,0.00111466151445344,3.05784843132767
"P2RY11",37.23,31,0.00115181689826856,3.04800854124529
"SNORA78",37.15,32,0.00118897228208367,3.03845520312719
"UBC",37.07,33,0.00122612766589879,3.02917137468249
"SNHG9",36.53,34,0.0012632830497139,3.02014150851148
"NDUFB10",35.9,35,0.00130043843352902,3.0113513812843
"MIR6773",35.69,36,0.00133759381734413,3.00278794671615
"RNA5S11",35.21,37,0.00137474920115925,2.99443920846105
"EME2",34.71,38,0.00141190458497436,2.9862941097652
"RNF223",34.25,39,0.00144905996878948,2.97834243729091
"SNORD10",33.95,40,0.00148621535260459,2.97057473697791
"MIR937",33.93,41,0.00152337073641971,2.96298224017436
"PPAN-P2RY11",33.6,42,0.00156052612023482,2.95555679856664
"LOC105371184",33.38,43,0.00159768150404994,2.94829082667663
"SNORD33",32.55,44,0.00163483688786505,2.9411772508924
"TLCD1",32.25,45,0.00167199227168017,2.93420946415946
"NKPD1",32.08,46,0.00170914765549528,2.92738128559308
"LOC100128770",31.55,47,0.0017463030393104,2.92068692438247
"CFL1",31.31,48,0.00178345842312551,2.91412094745007
"TPSG1",30.68,49,0.00182061380694063,2.90767825040526
"WDR24",30.58,50,0.00185776919075574,2.90135403139755
"LOC105369340",30.37,51,0.00189492457457086,2.8951437675275
"JUN",29.94,52,0.00193207995838597,2.8890431935206
"PPAN",29.52,53,0.00196923534220108,2.88304828240773
"ACTG1",28.78,54,0.0020063907260162,2.87715522798947
"CCDC78",28.64,55,0.00204354610983131,2.87136042888967
"ARHGDIA",28.59,56,0.00208070149364643,2.86566047402824
"JUND",28.53,57,0.00211785687746154,2.86005212936388
"HAGHL",28.48,58,0.00215501226127666,2.85453232577537
"MIR6777",28.44,59,0.00219216764509177,2.84909814796616
"NME3",27.99,60,0.00222932302890689,2.84374682428969
"SNORD105",27.93,61,0.002266478412722,2.83847571740527
"FKBP2",27.67,62,0.00230363379653712,2.83328231568425
"ZNHIT2",27.58,63,0.00234078918035223,2.82816422529513
"PPP1R14B",27.37,64,0.00237794456416735,2.82311916290408
"RAB26",27.37,65,0.00241509994798246,2.81814494893436
"C1ORF122",27.24,66,0.00245225533179758,2.81323950133368
"H3F3B",27.15,67,0.00248941071561269,2.8084008298044
"IER2",27,68,0.00252656609942781,2.80362703045569
"HES1",26.71,69,0.00256372148324292,2.79891628084111
"MIR429",26.68,70,0.00260087686705804,2.79426683534871
"TNFRSF12A",26.57,71,0.00263803225087315,2.78967702091386
"MIR6797",26.45,72,0.00267518763468827,2.78514523302812
"MIR141",26.11,73,0.00271234301850338,2.78066993201978
"XBP1",26.05,74,0.0027494984023185,2.77624963958431
"FASN",26.03,75,0.00278665378613361,2.7718829355445
"JMJD8",25.87,76,0.00282380916994873,2.76756845482255
"SNORA64",25.37,77,0.00286096455376384,2.76330488460743
"LOC100289511",25.36,78,0.00289811993757896,2.7590909617027
"GALNS",25.29,79,0.00293527532139407,2.75492547004098
"MIF",25.28,80,0.00297243070520918,2.75080723835281
"LOC100506281",25.15,81,0.0030095860890243,2.74673513797832
"STUB1",25.14,82,0.00304674147283941,2.74270808081154
"CCND1",25.06,83,0.00308389685665453,2.73872501736748
"EIF1",24.71,84,0.00312105224046964,2.73478493496364
"PPP1R15A",24.71,85,0.00315820762428476,2.73088685600757
"EPPK1",24.68,86,0.00319536300809987,2.72702983638334
"MYADM",24.59,87,0.00323251839191499,2.72321296392996
"LOC221946",24.57,88,0.0032696737757301,2.71943535700575
"PKMYT1",24.28,89,0.00330682915954522,2.71569616313256
"PTPRCAP",24.07,90,0.00334398454336033,2.7119945577149
"HIST2H3A",23.92,91,0.00338113992717545,2.70832974282878
"SPSB3",23.73,92,0.00341829531099056,2.70470094607593
"PGAM2",23.51,93,0.00345545069480568,2.70110741949906
"PHPT1",23.49,94,0.00349260607862079,2.69754843855443
"LRFN4",23.47,95,0.00352976146243591,2.69402330113799
"EIF3G",23.4,96,0.00356691684625102,2.69053132666188
"MIF-AS1",23.21,97,0.00360407223006614,2.6870718551781
"ESRP2",23.18,98,0.00364122761388125,2.68364424654651
"MIR25",23.12,99,0.00367838299769637,2.68024787964457
"GNG13",23.08,100,0.00371553838151148,2.67688215161613
"RPS2",23.05,101,0.0037526937653266,2.67354647715722
"MIR1225",23.03,102,0.00378984914914171,2.67024028783646
"ACPT",22.92,103,0.00382700453295683,2.66696303144821
"PGP",22.92,104,0.00386415991677194,2.66371417139655
"EIF5A",22.8,105,0.00390131530058706,2.66049318610828
"JMJD4",22.64,106,0.00393847068440217,2.65729956847347
"DNLZ",22.57,107,0.00397562606821728,2.65413282531178
"RAD9A",22.52,108,0.0040127814520324,2.65099247686341
"LENG9",22.28,109,0.00404993683584751,2.64787805630303
"LOC101928837",22.19,110,0.00408709221966263,2.64478910927575
"CORO1B",22.11,111,0.00412424760347774,2.64172519345372
"SNORD66",21.92,112,0.00416140298729286,2.63868587811235
"MRPL28",21.86,113,0.00419855837110797,2.63567074372509
"KREMEN2",21.85,114,0.00423571375492309,2.63267938157588
"MIR106B",21.83,115,0.0042728691387382,2.62971139338823
"MIR4321",21.81,116,0.00431002452255332,2.62676639097014
"PRR7",21.81,117,0.00434717990636843,2.62384399587408
"CDK10",21.53,118,0.00438433529018355,2.62094383907122
"MAFK",21.51,119,0.00442149067399866,2.61806556063922
"MIR4467",21.5,120,0.00445864605781378,2.61520880946287
"C9ORF172",21.43,121,0.00449580144162889,2.61237324294705
"PFDN6",21.35,122,0.00453295682544401,2.6095585267413
"NDUFAF8",21.32,123,0.00457011220925912,2.60676433447541
"HIST2H2AA3",21.31,124,0.00460726759307424,2.60399034750571
"THBS3",21.19,125,0.00464442297688935,2.60123625467127
"TNFRSF6B",21.07,126,0.00468157836070447,2.59850175205976
"MYL6",21.03,127,0.00471873374451958,2.59578654278239
"SNORD37",21.03,128,0.0047558891283347,2.59309033675758
"DMPK",21.01,129,0.00479304451214981,2.59041285050292
"RPL36",20.89,130,0.00483019989596492,2.58775380693507
"MAPK15",20.66,131,0.00486735527978004,2.58511293517716
"TPSAB1",20.61,132,0.00490451066359516,2.58248997037347
"MAP2K7",20.56,133,0.00494166604741027,2.57988465351099
"TGFBR3L",20.49,134,0.00497882143122538,2.57729673124755
"TMEM120A",20.44,135,0.0050159768150405,2.57472595574628
"PABPN1L",20.27,136,0.00505313219885561,2.57217208451605
"TPSB2",20.24,137,0.00509028758267073,2.5696348802577
"SNORD23",20.19,138,0.00512744296648584,2.56711411071582
"BRICD5",20.14,139,0.00516459835030096,2.56460954853571
"EEF2",20.13,140,0.00520175373411607,2.56212097112546
"MIDN",20.13,141,0.00523890911793119,2.55964816052287
"C21ORF2",20.03,142,0.0052760645017463,2.55719090326703
"SPATA2L",20.02,143,0.00531321988556142,2.5547489902742
"MFSD10",19.94,144,0.00535037526937653,2.55232221671815
"MIR636",19.93,145,0.00538753065319165,2.54991038191447
"CTSD",19.91,146,0.00542468603700676,2.54751328920878
"FAM173A",19.86,147,0.00546184142082188,2.54513074586876
"SRPK3",19.84,148,0.00549899680463699,2.54276256297981
"DGAT1",19.81,149,0.00553615218845211,2.54040855534402
"WDR38",19.75,150,0.00557330757226722,2.53806854138273
"HSPB1",19.69,151,0.00561046295608234,2.53574234304197
"KAT5",19.69,152,0.00564761833989745,2.53342978570126
"LOC105369635",19.65,153,0.00568477372371257,2.53113069808516
"KRT18",19.63,154,0.00572192910752768,2.52884491217777
"ZNF513",19.62,155,0.0057590844913428,2.52657226313991
"ADM5",19.55,156,0.00579623987515791,2.52431258922891
"RCE1",19.54,157,0.00583339525897303,2.522065731721
"C7ORF43",19.51,158,0.00587055064278814,2.51983153483603
"MIR661",19.51,159,0.00590770602660325,2.51760984566461
"LOC100507507",19.49,160,0.00594486141041837,2.51540051409745
"FOSB",19.47,161,0.00598201679423348,2.51320339275691
"PAQR4",19.36,162,0.0060191721780486,2.51101833693058
"CIRBP-AS1",19.35,163,0.00605632756186371,2.50884520450696
"RRP7A",19.33,164,0.00609348294567883,2.50668385591299
"SNORD105B",19.31,165,0.00613063832949394,2.50453415405351
"MIR6782",19.3,166,0.00616779371330906,2.5023959642525
"PUF60",19.3,167,0.00620494909712417,2.50026915419607
"H1FX",19.24,168,0.00624210448093929,2.49815359387709
"MIR4749",19.24,169,0.0062792598647544,2.49604915554151
"MIR4647",19.2,170,0.00631641524856952,2.49395571363618
"EIF4A1",19.13,171,0.00635357063238463,2.49187314475816
"TUBA1B",19.08,172,0.00639072601619975,2.4898013276056
"RPL32",19.06,173,0.00642788140001486,2.48774014292987
"TPI1",19.06,174,0.00646503678382998,2.48568947348917
"SIX5",19.03,175,0.00650219216764509,2.48364920400339
"MIR150",18.93,176,0.00653934755146021,2.48161922111026
"ATF4",18.9,177,0.00657650293527532,2.47959941332269
"HNRNPAB",18.85,178,0.00661365831909044,2.47758967098736
"SNORA73B",18.82,179,0.00665081370290555,2.47558988624438
"MIRLET7A3",18.73,180,0.00668796908672067,2.47359995298809
"SLC29A2",18.64,181,0.00672512447053578,2.47161976682897
"FAM229A",18.62,182,0.0067622798543509,2.46964922505648
"ABHD11",18.58,183,0.00679943523816601,2.46768822660301
"MASCRNA",18.58,184,0.00683659062198113,2.46573667200876
"MCM7",18.58,185,0.00687374600579624,2.46379446338752
"AMIGO3",18.5,186,0.00691090138961136,2.46186150439341
"LOC101059948",18.5,187,0.00694805677342647,2.45993770018848
"RGL2",18.44,188,0.00698521215724158,2.45802295741114
"INAFM1",18.41,189,0.0070223675410567,2.45611718414548
"TRMT2A",18.38,190,0.00705952292487181,2.45422028989128
"TREX1",18.32,191,0.00709667830868693,2.45233218553491
"EIF4EBP3",18.29,192,0.00713383369250204,2.4504527833209
"MIR6886",18.29,193,0.00717098907631716,2.44858199682429
"UBTF",18.23,194,0.00720814446013227,2.44671974092363
"EFEMP2",18.2,195,0.00724529984394739,2.44486593177469
"EGR3",18.18,196,0.0072824552277625,2.44302048678485
"MIR93",18.12,197,0.00731961061157762,2.44118332458812
"SLC34A3",18.12,198,0.00735676599539273,2.43935436502078
"VGF",18.11,199,0.00739392137920785,2.43753352909759
"HIST1H1B",18.04,200,0.00743107676302296,2.43572073898865
"ZNF687",18.04,201,0.00746823214683808,2.4339159179968
"TRMT61A",18.01,202,0.00750538753065319,2.43211899053558
"KRT19",17.99,203,0.00754254291446831,2.43032988210766
"GMPPB",17.97,204,0.00757969829828342,2.42854851928394
"C1ORF35",17.94,205,0.00761685368209854,2.42677482968297
"TMEM184A",17.92,206,0.00765400906591365,2.42500874195104
"MFSD3",17.9,207,0.00769116444972877,2.42325018574259
"SLC12A4",17.88,208,0.00772831983354388,2.42149909170121
"CISD3",17.75,209,0.007765475217359,2.41975539144098
"SNORA7A",17.73,210,0.00780263060117411,2.41801901752839
"RPS6KB2",17.71,211,0.00783978598498923,2.41628990346447
"AP1G2",17.62,212,0.00787694136880434,2.4145679836676
"CLDN4",17.58,213,0.00791409675261946,2.41285319345646
"DND1",17.56,214,0.00795125213643457,2.41114546903359
"MRPL12",17.52,215,0.00798840752024968,2.40944474746915
"TM7SF2",17.49,216,0.0080255629040648,2.40775096668521
"TRAF4",17.47,217,0.00806271828787991,2.40606406544024
"MIR4751",17.46,218,0.00809987367169503,2.4043839833141
"E4F1",17.41,219,0.00813702905551014,2.40271066069328
"CTRB2",17.37,220,0.00817418443932526,2.40104403875645
"MIR324",17.34,221,0.00821133982314037,2.39938405946041
"TSSK3",17.27,222,0.00824849520695549,2.39773066552633
"ISYNA1",17.25,223,0.0082856505907706,2.39608380042625
"MEPCE",17.23,224,0.00832280597458572,2.3944434083699
"IER3",17.2,225,0.00835996135840083,2.39280943429185
"ARL6IP4",17.18,226,0.00839711674221595,2.39118182383887
"DDX49",17.18,227,0.00843427212603106,2.38956052335766
"ZSWIM8-AS1",17.13,228,0.00847142750984618,2.38794547988271
"MIR4746",17.11,229,0.00850858289366129,2.38633664112455
"MIR6848",17.11,230,0.00854573827747641,2.38473395545818
"PRMT1",17.05,231,0.00858289366129152,2.38313737191178
"MIR6816",16.93,232,0.00862004904510664,2.38154684015565
"MIR7845",16.9,233,0.00865720442892175,2.37996231049138
"SH3BGRL3",16.89,234,0.00869435981273687,2.37838373384122
"GNB2",16.86,235,0.00873151519655198,2.37681106173776
"MIR1180",16.86,236,0.0087686705803671,2.37524424631372
"PHLDA2",16.86,237,0.00880582596418221,2.37368324029204
"ASB6",16.84,238,0.00884298134799733,2.37212799697609
"CIRBP",16.75,239,0.00888013673181244,2.3705784702402
"MIR5088",16.73,240,0.00891729211562755,2.36903461452024
"SNORD12",16.72,241,0.00895444749944267,2.36749638480451
"MIR6880",16.67,242,0.00899160288325778,2.36596373662477
"SNORD12B",16.67,243,0.0090287582670729,2.36443662604743
"PAQR6",16.66,244,0.00906591365088801,2.362915009665
"GPX4",16.63,245,0.00910306903470313,2.36139884458758
"HMG20B",16.63,246,0.00914022441851824,2.35988808843465
"MIR200C",16.63,247,0.00917737980233336,2.35838269932693
"MIR6757",16.63,248,0.00921453518614847,2.3568826358785
"SLC25A25-AS1",16.61,249,0.00925169056996359,2.35538785718895
"NAB2",16.55,250,0.0092888459537787,2.3538983228358
"BGLAP",16.53,251,0.00932600133759382,2.352413992867
"MIR6735",16.53,252,0.00936315672140893,2.35093482779362
"SAP25",16.52,253,0.00940031210522405,2.34946078858263
"SLFNL1",16.5,254,0.00943746748903916,2.34799183664987
"SNORD35A",16.47,255,0.00947462287285428,2.34652793385313
"EVA1B",16.4,256,0.00951177825666939,2.34506904248538
"MYL6B",16.4,257,0.00954893364048451,2.34361512526811
"MLST8",16.38,258,0.00958608902429962,2.34216614534483
"FAM89B",16.24,259,0.00962324440811474,2.34072206627463
"GAPDH",16.15,260,0.00966039979192985,2.33928285202594
"JSRP1",16.14,261,0.00969755517574497,2.33784846697035
"MIR6753",16.1,262,0.00973471055956008,2.3364188758766
"PTBP1",16.1,263,0.0097718659433752,2.3349940439046
"GPT",16.08,264,0.00980902132719031,2.33357393659966
"MIR6834",16.05,265,0.00984617671100542,2.33215851988673
"DCAF15",16.02,266,0.00988333209482054,2.33074776006487
"IMPDH2",16.02,267,0.00992048747863565,2.32934162380167
"RPL18",16.02,268,0.00995764286245077,2.32794007812788
"CRACR2B",16.01,269,0.00999479824626588,2.32654309043216
"KCNK7",16.01,270,0.010031953630081,2.32515062845579
"MIR6892",16,271,0.0100691090138961,2.32376266028761
"DAPK3",15.95,272,0.0101062643977112,2.322379154359
"UBALD2",15.95,273,0.0101434197815263,2.32100007943895
"TUBB",15.92,274,0.0101805751653415,2.31962540462923
"AMH",15.9,275,0.0102177305491566,2.31825509935961
"PRR22",15.88,276,0.0102548859329717,2.31688913338325
"PSMC5",15.86,277,0.0102920413167868,2.31552747677205
"LOC102724814",15.78,278,0.0103291967006019,2.31417009991221
"SYNGR2",15.73,279,0.010366352084417,2.31281697349977
"ZDHHC12",15.72,280,0.0104035074682321,2.31146806853628
"FTH1",15.71,281,0.0104406628520473,2.31012335632452
"HNRNPL",15.71,282,0.0104778182358624,2.30878280846434
"LRRC45",15.67,283,0.0105149736196775,2.3074463968485
"HIST1H1C",15.65,284,0.0105521290034926,2.30611409365864
"LTC4S",15.64,285,0.0105892843873077,2.30478587136129
"C21ORF33",15.62,286,0.0106264397711228,2.30346170270401
"LOC388242",15.61,287,0.010663595154938,2.30214156071146
"MIR3917",15.57,288,0.0107007505387531,2.3008254186817
"MIR6744",15.57,289,0.0107379059225682,2.29951325018244
"POLR2E",15.56,290,0.0107750613063833,2.29820502904739
"ZACN",15.55,291,0.0108122166901984,2.29690072937271
"PDLIM7",15.53,292,0.0108493720740135,2.29560032551342
"IDH3G",15.52,293,0.0108865274578286,2.29430379207998
"LIME1",15.51,294,0.0109236828416438,2.29301110393488
"MAFF",15.51,295,0.0109608382254589,2.29172223618926
"GLTSCR2",15.48,296,0.010997993609274,2.29043716419963
"MIR7112",15.46,297,0.0110351489930891,2.28915586356463
"MIR4722",15.43,298,0.0110723043769042,2.28787831012184
"OTUB1",15.41,299,0.0111094597607193,2.28660447994463
"MIR6785",15.33,300,0.0111466151445344,2.2853343493391
"PYCRL",15.26,301,0.0111837705283496,2.28406789484102
"IL18BP",15.23,302,0.0112209259121647,2.28280509321288
"DUSP5P1",15.22,303,0.0112580812959798,2.28154592144092
"LRRC14",15.22,304,0.0112952366797949,2.28029035673225
"ACADVL",15.18,305,0.01133239206361,2.27903837651203
"CCDC71",15.18,306,0.0113695474474251,2.27778995842064
"MDK",15.15,307,0.0114067028312402,2.27654508031097
"ZNF581",15.15,308,0.0114438582150554,2.27530372024567
"RNASEH2C",15.12,309,0.0114810135988705,2.2740658564945
"SNORD36C",15.12,310,0.0115181689826856,2.27283146753176
"TCIRG1",15.1,311,0.0115553243665007,2.27160053203361
"PRSS56",15.06,312,0.0115924797503158,2.27037302887563
"PPP1R35",15.05,313,0.0116296351341309,2.26914893713025
"RPL31",15.04,314,0.011666790517946,2.26792823606434
"MIR6515",15.03,315,0.0117039459017612,2.26671090513674
"H2AFX",14.98,316,0.0117411012855763,2.26549692399593
"MIR4999",14.97,317,0.0117782566693914,2.26428627247765
"PTOV1-AS2",14.94,318,0.0118154120532065,2.26307893060257
"MIR200B",14.92,319,0.0118525674370216,2.26187487857408
"TBX6",14.9,320,0.0118897228208367,2.26067409677599
"RECQL4",14.83,321,0.0119268782046519,2.25947656577036
"RPL13",14.81,322,0.011964033588467,2.2582822662953
"ABHD11-AS1",14.8,323,0.0120011889722821,2.25709117926286
"COPS6",14.8,324,0.0120383443560972,2.25590328575691
"PTOV1",14.79,325,0.0120754997399123,2.25471856703106
"RHOT2",14.79,326,0.0121126551237274,2.25353700450663
"C9ORF163",14.76,327,0.0121498105075425,2.25235857977065
"MIR1238",14.74,328,0.0121869658913577,2.25118327457384
"DOK3",14.73,329,0.0122241212751728,2.25001107082869
"CBX4",14.63,330,0.0122612766589879,2.24884195060754
"TNFRSF13C",14.63,331,0.012298432042803,2.24767589614064
"ID1",14.62,332,0.0123355874266181,2.24651288981436
"TUBB4B",14.62,333,0.0123727428104332,2.24535291416929
"SLC16A3",14.61,334,0.0124098981942483,2.24419595189843
"METRN",14.59,335,0.0124470535780635,2.24304198584547
"CYP2W1",14.56,336,0.0124842089618786,2.24189099900294
"POLR3H",14.54,337,0.0125213643456937,2.24074297451056
"KRT80",14.49,338,0.0125585197295088,2.23959789565347
"CENPX",14.43,339,0.0125956751133239,2.23845574586059
"MIR3187",14.43,340,0.012632830497139,2.23731650870292
"PPP1CA",14.43,341,0.0126699858809541,2.23618016789197
"LONP1",14.4,342,0.0127071412647693,2.23504670727807
"SNORA67",14.4,343,0.0127442966485844,2.23391611084886
"MIR6080",14.36,344,0.0127814520323995,2.23278836272765
"MIRLET7B",14.34,345,0.0128186074162146,2.23166344717193
"SNORD17",14.34,346,0.0128557628000297,2.23054134857186
"MCL1",14.33,347,0.0128929181838448,2.22942205144871
"DHPS",14.32,348,0.01293007356766,2.22830554045342
"MIR6737",14.32,349,0.0129672289514751,2.22719180036517
"LOC646626",14.29,350,0.0130043843352902,2.22608081608989
"SHARPIN",14.26,351,0.0130415397191053,2.22497257265888
"FUS",14.21,352,0.0130786951029204,2.22386705522738
"RAVER1",14.2,353,0.0131158504867355,2.22276424907324
"ELF3",14.15,354,0.0131530058705506,2.22166413959553
"MIR4763",14.08,355,0.0131901612543658,2.2205667123132
"KIAA1683",14.06,356,0.0132273166381809,2.21947195286378
"SNHG3",14.02,357,0.013264472021996,2.21837984700206
"C8ORF82",14.01,358,0.0133016274058111,2.2172903805988
"ZASP",13.97,359,0.0133387827896262,2.2162035396395
"C19ORF24",13.96,360,0.0133759381734413,2.21511931022309
"NEAT1",13.92,361,0.0134130935572564,2.21403767856078
"SRSF5",13.92,362,0.0134502489410716,2.21295863097474
"MIR6871",13.9,363,0.0134874043248867,2.21188215389701
"SNORD46",13.9,364,0.0135245597087018,2.21080823386824
"RPL35",13.86,365,0.0135617150925169,2.20973685753656
"REPIN1",13.85,366,0.013598870476332,2.20866801165639
"MIR320E",13.83,367,0.0136360258601471,2.20760168308738
"MIR6719",13.81,368,0.0136731812439623,2.20653785879319
"MIR6728",13.8,369,0.0137103366277774,2.20547652584048
"SETD1B",13.8,370,0.0137474920115925,2.20441767139773
"SNORD38B",13.79,371,0.0137846473954076,2.20336128273427
"PLPPR3",13.74,372,0.0138218027792227,2.20230734721909
"PTMA",13.74,373,0.0138589581630378,2.2012558523199
"UBALD1",13.74,374,0.0138961135468529,2.20020678560204
"CRIP2",13.72,375,0.0139332689306681,2.19916013472749
"P4HB",13.72,376,0.0139704243144832,2.19811588745382
"HYI",13.69,377,0.0140075796982983,2.19707403163324
"PNKP",13.69,378,0.0140447350821134,2.19603455521159
"LINC00235",13.68,379,0.0140818904659285,2.19499744622739
"MIR3178",13.68,380,0.0141190458497436,2.19396269281088
"RPS19",13.58,381,0.0141562012335587,2.19293028318307
"ADRM1",13.55,382,0.0141933566173739,2.19190020565481
"MIR4750",13.55,383,0.014230512001189,2.19087244862586
"STC2",13.54,384,0.0142676673850041,2.18984700058402
"RNU1-1",13.53,385,0.0143048227688192,2.18882385010418
"SCRIB",13.52,386,0.0143419781526343,2.18780298584749
"INTS11",13.5,387,0.0143791335364494,2.18678439656044
"RPS21",13.5,388,0.0144162889202645,2.18576807107404
"SNORD117",13.5,389,0.0144534443040797,2.18475399830292
"MED16",13.49,390,0.0144905996878948,2.18374216724453
"RPS17",13.47,391,0.0145277550717099,2.18273256697831
"MIR98",13.42,392,0.014564910455525,2.18172518666484
"MLPH",13.41,393,0.0146020658393401,2.18072001554504
"PANO1",13.41,394,0.0146392212231552,2.17971704293939
"WBP1",13.41,395,0.0146763766069704,2.17871625824714
"CYC1",13.4,396,0.0147135319907855,2.17771765094549
"MIR6819",13.4,397,0.0147506873746006,2.17672121058888
"SLC25A1",13.4,398,0.0147878427584157,2.17572692680819
"TMED1",13.39,399,0.0148249981422308,2.17473478930998
"CYP2T1P",13.37,400,0.0148621535260459,2.17374478787579
"MIR6887",13.36,401,0.014899308909861,2.17275691236138
"EIF4G1",13.35,402,0.0149364642936762,2.171771152696
"FTSJ3",13.35,403,0.0149736196774913,2.1707874988817
"MIR199A1",13.33,404,0.0150107750613064,2.1698059409926
"DUS3L",13.3,405,0.0150479304451215,2.16882646917421
"FLJ13224",13.23,406,0.0150850858289366,2.16784907364273
"MIR4793",13.2,407,0.0151222412127517,2.16687374468437
"PPIF",13.2,408,0.0151593965965668,2.16590047265469
"C19ORF71",13.19,409,0.015196551980382,2.16492924797793
"SSNA1",13.18,410,0.0152337073641971,2.16396006114632
"RAB1B",13.15,411,0.0152708627480122,2.1629929027195
"SENP3-EIF4A1",13.13,412,0.0153080181318273,2.16202776332382
"RRP7BP",13.11,413,0.0153451735156424,2.16106463365173
"HSPB6",13.1,414,0.0153823288994575,2.16010350446116
"RNF44",13.1,415,0.0154194842832726,2.15914436657489
"SART1",13.08,416,0.0154566396670878,2.15818721087993
"CELSR3-AS1",13.07,417,0.0154937950509029,2.15723202832696
"CLIC3",13.05,418,0.015530950434718,2.15627880992968
"ZYX",13.05,419,0.0155681058185331,2.15532754676424
"MGAT4B",13.04,420,0.0156052612023482,2.15437822996867
"MIR203A",13.04,421,0.0156424165861633,2.15343085074231
"RAC3",13.03,422,0.0156795719699785,2.1524854003452
"IL17C",13.02,423,0.0157167273537936,2.15154187009757
"SNORA5A",13.01,424,0.0157538827376087,2.15060025137922
"TIGD5",13,425,0.0157910381214238,2.14966053562906
"ZNF580",12.99,426,0.0158281935052389,2.14872271434447
"RPL12",12.98,427,0.015865348889054,2.14778677908082
"LCAT",12.97,428,0.0159025042728691,2.14685272145095
"NUDT17",12.96,429,0.0159396596566843,2.14592053312461
"SEMA4C",12.96,430,0.0159768150404994,2.14499020582793
"UBE2I",12.95,431,0.0160139704243145,2.14406173134298
"CD68",12.93,432,0.0160511258081296,2.14313510150717
"MIR6752",12.92,433,0.0160882811919447,2.14221030821281
"SUSD2",12.92,434,0.0161254365757598,2.14128734340662
"MIR647",12.91,435,0.0161625919595749,2.14036619908919
"PDAP1",12.9,436,0.0161997473433901,2.13944686731453
"MIR219B",12.89,437,0.0162369027272052,2.13852934018959
"DUS1L",12.88,438,0.0162740581110203,2.13761360987379
"NAT14",12.88,439,0.0163112134948354,2.13669966857854
"RRAS",12.84,440,0.0163483688786505,2.13578750856677
"MIR1229",12.82,441,0.0163855242624656,2.1348771221525
"MIR4530",12.82,442,0.0164226796462807,2.13396850170036
"TRAPPC2L",12.81,443,0.0164598350300959,2.13306163962515
"PDF",12.77,444,0.016496990413911,2.13215652839141
"RNF167",12.76,445,0.0165341457977261,2.13125316051297
"FSCN2",12.75,446,0.0165713011815412,2.13035152855253
"LRRC24",12.75,447,0.0166084565653563,2.1294516251212
"MIR219A2",12.75,448,0.0166456119491714,2.12855344287812
"SMARCC2",12.75,449,0.0166827673329865,2.12765697453
"LOC101928728",12.72,450,0.0167199227168017,2.12676221283075
"FLNA",12.71,451,0.0167570781006168,2.12586915058103
"GRK2",12.71,452,0.0167942334844319,2.12497778062785
"SLC2A4RG",12.71,453,0.016831388868247,2.12408809586421
"LOC106660606",12.67,454,0.0168685442520621,2.12320008922864
"MIR6787",12.65,455,0.0169056996358772,2.12231375370487
"PEX10",12.65,456,0.0169428550196924,2.12142908232139
"RNU4ATAC",12.65,457,0.0169800104035075,2.12054606815111
"JTB",12.64,458,0.0170171657873226,2.11966470431095
"TMUB1",12.64,459,0.0170543211711377,2.11878498396146
"CRIP1",12.62,460,0.0170914765549528,2.11790690030649
"LOC148413",12.62,461,0.0171286319387679,2.11703044659277
"TMEM147",12.62,462,0.017165787322583,2.11615561610959
"MAMDC4",12.6,463,0.0172029427063982,2.11528240218842
"REC8",12.6,464,0.0172400980902133,2.11441079820253
"HDAC10",12.58,465,0.0172772534740284,2.1135407975667
"LOC101928069",12.58,466,0.0173144088578435,2.11267239373681
"ARHGAP27P1",12.54,467,0.0173515642416586,2.11180558020953
"GALE",12.54,468,0.0173887196254737,2.11094035052196
"C1ORF159",12.52,469,0.0174258750092888,2.11007669825131
"NAT9",12.52,470,0.017463030393104,2.10921461701456
"NT5C",12.5,471,0.0175001857769191,2.1083541004681
"ZFP36",12.5,472,0.0175373411607342,2.10749514230746
"MIR26A2",12.49,473,0.0175744965445493,2.10663773626695
"LRP10",12.48,474,0.0176116519283644,2.10578187611933
"GIGYF1",12.47,475,0.0176488073121795,2.10492755567551
"GRK6",12.47,476,0.0176859626959947,2.10407476878426
"MIR6727",12.46,477,0.0177231180798098,2.10322350933183
"CTRL",12.41,478,0.0177602734636249,2.10237377124172
"LSR",12.39,479,0.01779742884744,2.10152554847434
"MIR203B",12.39,480,0.0178345842312551,2.10067883502668
"PSMA7",12.39,481,0.0178717396150702,2.09983362493208
"SNORD82",12.36,482,0.0179088949988853,2.09898991225987
"MIR6734",12.34,483,0.0179460503827005,2.09814769111513
"YIF1A",12.33,484,0.0179832057665156,2.09730695563836
"FBXW5",12.32,485,0.0180203611503307,2.09646770000521
"LOC391322",12.32,486,0.0180575165341458,2.0956299184262
"NDUFA11",12.31,487,0.0180946719179609,2.09479360514644
"SREBF1",12.31,488,0.018131827301776,2.09395875444535
"CTU2",12.25,489,0.0181689826855911,2.09312536063638
"MIR33B",12.25,490,0.0182061380694063,2.09229341806676
"CYBA",12.19,491,0.0182432934532214,2.09146292111718
"EHBP1L1",12.19,492,0.0182804488370365,2.09063386420158
"MIR6793",12.19,493,0.0183176042208516,2.08980624176687
"CALR",12.16,494,0.0183547596046667,2.08898004829264
"PSMB10",12.13,495,0.0183919149884818,2.08815527829094
"MAZ",12.12,496,0.0184290703722969,2.087331926306
"CAPN12",12.11,497,0.0184662257561121,2.08650998691399
"SLC35B2",12.11,498,0.0185033811399272,2.08568945472276
"PIP5KL1",12.08,499,0.0185405365237423,2.08487032437159
"GFER",12.07,500,0.0185776919075574,2.08405259053094
"ZNF646",12.07,501,0.0186148472913725,2.08323624790224
"EGLN2",12.06,502,0.0186520026751876,2.08242129121761
"IFITM10",12.05,503,0.0186891580590027,2.08160771523962
"CYTH2",12.04,504,0.0187263134428179,2.08079551476108
"LOC102724064",12.04,505,0.018763468826633,2.0799846846048
"RPS8",12.02,506,0.0188006242104481,2.07917521962333
"SNX22",12.02,507,0.0188377795942632,2.07836711469878
"LY6E",12.01,508,0.0188749349780783,2.07756036474254
"POLR2L",12.01,509,0.0189120903618934,2.07675496469509
"SLC39A13",11.98,510,0.0189492457457086,2.07595090952577
"SNORA50C",11.98,511,0.0189864011295237,2.07514819423252
"HES4",11.97,512,0.0190235565133388,2.07434681384174
"MIR7114",11.95,513,0.0190607118971539,2.07354676340801
"ZNF276",11.95,514,0.019097867280969,2.07274803801389
"EEF1A2",11.88,515,0.0191350226647841,2.0719506327697
"DNASE1L2",11.87,516,0.0191721780485992,2.07115454281335
"DUSP4",11.87,517,0.0192093334324144,2.07035976331009
"SNORA55",11.87,518,0.0192464888162295,2.06956628945229
"TPM4",11.86,519,0.0192836442000446,2.06877411645929
"ZFAS1",11.86,520,0.0193207995838597,2.06798323957716
"LOC642423",11.85,521,0.0193579549676748,2.0671936540785
"MIR1226",11.85,522,0.0193951103514899,2.06640535526226
"ELOVL1",11.84,523,0.019432265735305,2.0656183384535
"PRSS53",11.84,524,0.0194694211191202,2.06483259900328
"DYRK1B",11.79,525,0.0195065765029353,2.06404813228835
"CD151",11.78,526,0.0195437318867504,2.06326493371106
"COMTD1",11.78,527,0.0195808872705655,2.06248299869912
"SURF1",11.78,528,0.0196180426543806,2.06170232270542
"UBXN6",11.78,529,0.0196551980381957,2.06092290120785
"RHOC",11.76,530,0.0196923534220108,2.0601447297091
"GPS2",11.75,531,0.019729508805826,2.0593678037365
"MIR4641",11.75,532,0.0197666641896411,2.05859211884183
"SCARNA22",11.74,533,0.0198038195734562,2.05781767060113
"MAF1",11.71,534,0.0198409749572713,2.05704445461452
"MIR4658",11.71,535,0.0198781303410864,2.05627246650606
"MIR6721",11.7,536,0.0199152857249015,2.05550170192352
"GALR2",11.69,537,0.0199524411087167,2.05473215653826
"MIR3677",11.69,538,0.0199895964925318,2.05396382604502
"MAT2A",11.68,539,0.0200267518763469,2.05319670616178
"PRR7-AS1",11.67,540,0.020063907260162,2.05243079262955
"LOC100128573",11.66,541,0.0201010626439771,2.05166608121225
"MIR4326",11.66,542,0.0201382180277922,2.05090256769653
"FXYD3",11.65,543,0.0201753734116073,2.05014024789157
"MIR3180-1",11.65,544,0.0202125287954225,2.04937911762899
"SSH3",11.65,545,0.0202496841792376,2.04861917276261
"VASN",11.65,546,0.0202868395630527,2.04786040916835
"CPTP",11.64,547,0.0203239949468678,2.04710282274404
"MICAL1",11.63,548,0.0203611503306829,2.04634640940929
"HSF1",11.62,549,0.020398305714498,2.04559116510529
"MIR3180-2",11.62,550,0.0204354610983131,2.0448370857947
"TALAM1",11.6,551,0.0204726164821283,2.0440841674615
"ABHD16B",11.59,552,0.0205097718659434,2.0433324061108
"RELA",11.58,553,0.0205469272497585,2.0425817977687
"BOLA2",11.57,554,0.0205840826335736,2.04183233848218
"HIGD2A",11.51,555,0.0206212380173887,2.04108402431891
"JOSD2",11.51,556,0.0206583934012038,2.04033685136713
"MIR3180-5",11.5,557,0.020695548785019,2.03959081573549
"SNX17",11.5,558,0.0207327041688341,2.03884591355292
"CLDN3",11.49,559,0.0207698595526492,2.03810214096847
"SERHL",11.48,560,0.0208070149364643,2.03735949415119
"SPSB2",11.47,561,0.0208441703202794,2.03661796928998
"SULT1A3",11.46,562,0.0208813257040945,2.03587756259343
"MFSD7",11.44,563,0.0209184810879096,2.03513827028975
"MIR4522",11.43,564,0.0209556364717248,2.03440008862655
"MIR637",11.43,565,0.0209927918555399,2.03366301387077
"LHB",11.41,566,0.021029947239355,2.0329270423085
"MIR21",11.41,567,0.0210671026231701,2.0321921702449
"NEIL1",11.4,568,0.0211042580069852,2.031458394004
"PKN3",11.4,569,0.0211414133908003,2.03072570992864
"SNORA70",11.38,570,0.0211785687746154,2.02999411438029
"RNU4-2",11.36,571,0.0212157241584306,2.02926360373896
"MIR200A",11.34,572,0.0212528795422457,2.02853417440304
"CCDC17",11.33,573,0.0212900349260608,2.0278058227892
"CNN2",11.33,574,0.0213271903098759,2.02707854533223
"LOC440300",11.32,575,0.021364345693691,2.02635233848498
"DAZAP2",11.31,576,0.0214015010775061,2.02562719871816
"PFKL",11.31,577,0.0214386564613212,2.0249031225203
"SSBP4",11.3,578,0.0214758118451364,2.02418010639754
"LINC01089",11.29,579,0.0215129672289515,2.0234581468736
"MIR4745",11.29,580,0.0215501226127666,2.02273724048959
"KAZALD1",11.28,581,0.0215872779965817,2.02201738380394
"H2AFZ",11.27,582,0.0216244333803968,2.02129857339225
"MUC6",11.24,583,0.0216615887642119,2.02058080584721
"DDX5",11.23,584,0.021698744148027,2.01986407777846
"SLC25A22",11.23,585,0.0217358995318422,2.01914838581246
"RHBDL1",11.19,586,0.0217730549156573,2.01843372659244
"ORAI3",11.18,587,0.0218102102994724,2.01772009677823
"POLD2",11.18,588,0.0218473656832875,2.01700749304615
"SLURP1",11.18,589,0.0218845210671026,2.01629591208895
"SYTL1",11.16,590,0.0219216764509177,2.01558535061565
"RPL10A",11.14,591,0.0219588318347329,2.01487580535146
"TUFM",11.13,592,0.021995987218548,2.01416727303766
"CENPB",11.12,593,0.0220331426023631,2.01345975043151
"ZBTB42",11.07,594,0.0220702979861782,2.01275323430613
"MIR7108",11.03,595,0.0221074533699933,2.01204772145039
"TRMT112",11.03,596,0.0221446087538084,2.01134320866882
"CRABP2",11.02,597,0.0221817641376235,2.01063969278151
"LOC101928525",11.02,598,0.0222189195214387,2.009937170624
"SNORD4A",11.02,599,0.0222560749052538,2.00923563904719
"SRSF1",11.01,600,0.0222932302890689,2.0085350949172
"DOK7",10.98,601,0.022330385672884,2.00783553511534
"LOC105371038",10.97,602,0.0223675410566991,2.00713695653795
"NHP2",10.97,603,0.0224046964405142,2.00643935609633
"POP5",10.97,604,0.0224418518243293,2.00574273071664
"MIR4444-1",10.95,605,0.0224790072081445,2.0050470773398
"MMP24-AS1",10.93,606,0.0225161625919596,2.00435239292141
"PQBP1",10.93,607,0.0225533179757747,2.00365867443163
"CSRNP1",10.92,608,0.0225904733595898,2.0029659188551
"MIR4656",10.91,609,0.0226276287434049,2.00227412319085
"C19ORF43",10.9,610,0.02266478412722,2.0015832844522
"CNP",10.88,611,0.0227019395110351,2.00089339966669
"PROB1",10.87,612,0.0227390948948503,2.00020446587593
"ANKRD13D",10.86,613,0.0227762502786654,1.9995164801356
"IER5L",10.86,614,0.0228134056624805,1.99882943951528
"MIR6742",10.85,615,0.0228505610462956,1.9981433410984
"CYR61",10.84,616,0.0228877164301107,1.99745818198217
"BEST2",10.83,617,0.0229248718139258,1.99677395927742
"LOC283335",10.83,618,0.022962027197741,1.99609067010862
"MFSD12",10.83,619,0.0229991825815561,1.99540831161369
"AKAP8",10.82,620,0.0230363379653712,1.99472688094397
"PRDX5",10.81,621,0.0230734933491863,1.99404637526415
"COX19",10.8,622,0.0231106487330014,1.99336679175215
"GRIN3B",10.8,623,0.0231478041168165,1.99268812759903
"LDHD",10.8,624,0.0231849595006316,1.99201038000895
"WDR6",10.77,625,0.0232221148844468,1.99133354619907
"MIR4721",10.76,626,0.0232592702682619,1.99065762339944
"SNORA94",10.76,627,0.023296425652077,1.98998260885297
"CLDN7",10.75,628,0.0233335810358921,1.9893084998153
"MNT",10.75,629,0.0233707364197072,1.98863529355475
"SHISA8",10.73,630,0.0234078918035223,1.98796298735226
"LOC100287036",10.72,631,0.0234450471873374,1.98729157850126
"SNORD125",10.72,632,0.0234822025711526,1.98662106430763
"C19ORF48",10.71,633,0.0235193579549677,1.98595144208961
"CNIH2",10.71,634,0.0235565133387828,1.98528270917772
"RHBDD3",10.71,635,0.0235936687225979,1.98461486291472
"SNORD42B",10.71,636,0.023630824106413,1.98394790065548
"PRSS22",10.7,637,0.0236679794902281,1.98328181976693
"SNORD88B",10.69,638,0.0237051348740433,1.982616617628
"LOC105371049",10.68,639,0.0237422902578584,1.98195229162954
"FOSL1",10.67,640,0.0237794456416735,1.98128883917423
"IPO4",10.66,641,0.0238166010254886,1.98062625767652
"DOC2GP",10.64,642,0.0238537564093037,1.97996454456256
"EVPL",10.64,643,0.0238909117931188,1.97930369727012
"GAMT",10.64,644,0.0239280671769339,1.97864371324855
"GPS1",10.64,645,0.0239652225607491,1.97798458995865
"RNPS1",10.64,646,0.0240023779445642,1.97732632487267
"MIRLET7I",10.63,647,0.0240395333283793,1.97666891547418
"NUDT16L1",10.62,648,0.0240766887121944,1.97601235925806
"HDGF",10.61,649,0.0241138440960095,1.97535665373036
"PLEC",10.61,650,0.0241509994798246,1.97470179640831
"SNORD43",10.61,651,0.0241881548636397,1.9740477848202
"FAM32A",10.59,652,0.0242253102474549,1.97339461650533
"MCRS1",10.59,653,0.02426246563127,1.97274228901395
"YRDC",10.59,654,0.0242996210150851,1.97209079990719
"MOGS",10.56,655,0.0243367763989002,1.97144014675699
"SOX15",10.56,656,0.0243739317827153,1.97079032714603
"YJEFN3",10.55,657,0.0244110871665304,1.97014133866769
"MINCR",10.53,658,0.0244482425503455,1.96949317892597
"MIR5090",10.52,659,0.0244853979341607,1.96884584553541
"TMEM129",10.52,660,0.0245225533179758,1.96819933612109
"PROSER3",10.51,661,0.0245597087017909,1.96755364831847
"SNORD61",10.5,662,0.024596864085606,1.96690877977342
"ZNF628",10.5,663,0.0246340194694211,1.96626472814211
"MIR3653",10.47,664,0.0246711748532362,1.96562149109097
"ERF",10.46,665,0.0247083302370513,1.96497906629659
"NINJ1",10.46,666,0.0247454856208665,1.96433745144573
"ATXN2L",10.45,667,0.0247826410046816,1.9636966442352
"SNORA3B",10.45,668,0.0248197963884967,1.96305664237182
"MARCKSL1",10.44,669,0.0248569517723118,1.96241744357237
"TRIM56",10.44,670,0.0248941071561269,1.96177904556354
"AMDHD2",10.41,671,0.024931262539942,1.96114144608182
"ATP6V0C",10.4,672,0.0249684179237572,1.96050464287352
"HIST1H1D",10.4,673,0.0250055733075723,1.95986863369466
"MIR3609",10.39,674,0.0250427286913874,1.95923341631091
"MIR4761",10.39,675,0.0250798840752025,1.95859898849758
"N4BP3",10.39,676,0.0251170394590176,1.95796534803952
"MIR4505",10.38,677,0.0251541948428327,1.95733249273108
"TIPARP-AS1",10.38,678,0.0251913502266478,1.95670042037607
"MIR6840",10.37,679,0.025228505610463,1.95606912878768
"SNORA3A",10.37,680,0.0252656609942781,1.95543861578843
"ZFAND2B",10.37,681,0.0253028163780932,1.95480887921014
"MIR6732",10.36,682,0.0253399717619083,1.95417991689385
"TMEM18",10.36,683,0.0253771271457234,1.95355172668979
"PRRT2",10.35,684,0.0254142825295385,1.9529243064573
"TMEM88",10.35,685,0.0254514379133536,1.95229765406481
"KRTCAP3",10.3,686,0.0254885932971688,1.95167176738975
"PLP2",10.3,687,0.0255257486809839,1.95104664431854
"HNRNPF",10.26,688,0.025562904064799,1.95042228274651
"RUSC1",10.26,689,0.0256000594486141,1.94979868057787
"TAS1R3",10.25,690,0.0256372148324292,1.94917583572563
"LRWD1",10.23,691,0.0256743702162443,1.94855374611159
"FAM131A",10.22,692,0.0257115256000594,1.94793240966624
"ZNF629",10.22,693,0.0257486809838746,1.94731182432877
"FUT7",10.21,694,0.0257858363676897,1.94669198804698
"CEMP1",10.2,695,0.0258229917515048,1.94607289877724
"SNORD42A",10.2,696,0.0258601471353199,1.94545455448444
"TFF1",10.2,697,0.025897302519135,1.94483695314196
"MIR6126",10.19,698,0.0259344579029501,1.94422009273159
"TOMM40",10.17,699,0.0259716132867653,1.94360397124353
"B3GALT4",10.14,700,0.0260087686705804,1.94298858667629
"SNORD15B",10.14,701,0.0260459240543955,1.94237393703668
"CD81",10.13,702,0.0260830794382106,1.94176002033974
"CDHR5",10.13,703,0.0261202348220257,1.94114683460873
"HOMER3",10.13,704,0.0261573902058408,1.94053437787505
"C19ORF35",10.12,705,0.0261945455896559,1.93992264817819
"SNORD70",10.1,706,0.0262317009734711,1.93931164356573
"GLIS2",10.08,707,0.0262688563572862,1.93870136209324
"RPL10",10.08,708,0.0263060117411013,1.93809180182429
"PHYKPL",10.07,709,0.0263431671249164,1.93748296083034
"CYB5D1",10.06,710,0.0263803225087315,1.93687483719078
"CORO1A",10.05,711,0.0264174778925466,1.9362674289928
"PLIN4",10.05,712,0.0264546332763617,1.93566073433143
"DNASE1",10.03,713,0.0264917886601769,1.93505475130941
"MIR3064",10.01,714,0.026528944043992,1.93444947803722
"RAB24",10,715,0.0265660994278071,1.93384491263302
"FAAP100",9.98,716,0.0266032548116222,1.93324105322258
"SRRT",9.98,717,0.0266404101954373,1.93263789793926
"TCTEX1D4",9.97,718,0.0266775655792524,1.93203544492397
"DNAJC30",9.96,719,0.0267147209630676,1.93143369232513
"HMGA1",9.96,720,0.0267518763468827,1.93083263829861
"LOC100130417",9.95,721,0.0267890317306978,1.93023228100772
"DRD4",9.94,722,0.0268261871145129,1.92963261862314
"C17ORF82",9.93,723,0.026863342498328,1.92903364932292
"EIF5",9.93,724,0.0269004978821431,1.92843537129237
"IER5",9.93,725,0.0269376532659582,1.9278377827241
"IRF3",9.93,726,0.0269748086497734,1.92724088181795
"OVCA2",9.92,727,0.0270119640335885,1.9266446667809
"SNORD68",9.92,728,0.0270491194174036,1.92604913582714
"ACTL10",9.91,729,0.0270862748012187,1.92545428717793
"C20ORF144",9.91,730,0.0271234301850338,1.92486011906162
"SLC1A5",9.91,731,0.0271605855688489,1.92426662971357
"CHRND",9.9,732,0.027197740952664,1.92367381737617
"DPP7",9.9,733,0.0272348963364792,1.92308168029874
"MIR6768",9.9,734,0.0272720517202943,1.92249021673754
"WDR55",9.88,735,0.0273092071041094,1.92189942495571
"MIR6075",9.87,736,0.0273463624879245,1.92130930322323
"MUC5B",9.87,737,0.0273835178717396,1.92071984981692
"PHLDA3",9.85,738,0.0274206732555547,1.92013106302034
"SNORD65",9.85,739,0.0274578286393698,1.91954294112382
"B4GALT2",9.84,740,0.027494984023185,1.91895548242438
"ENO1",9.83,741,0.0275321394070001,1.91836868522571
"SPOUT1",9.82,742,0.0275692947908152,1.91778254783813
"TST",9.82,743,0.0276064501746303,1.91719706857858
"UFSP1",9.82,744,0.0276436055584454,1.91661224577055
"LIMD2",9.81,745,0.0276807609422605,1.91602807774405
"SERTAD3",9.81,746,0.0277179163260756,1.91544456283561
"CHRNE",9.8,747,0.0277550717098908,1.91486169938821
"CTXN1",9.79,748,0.0277922270937059,1.91427948575125
"ADAMTSL4-AS1",9.77,749,0.027829382477521,1.91369792028054
"RNVU1-7",9.77,750,0.0278665378613361,1.91311700133825
"SRF",9.77,751,0.0279036932451512,1.91253672729287
"RCOR2",9.76,752,0.0279408486289663,1.91195709651919
"RPL7A",9.75,753,0.0279780040127815,1.91137810739826
"LOC646471",9.74,754,0.0280151593965966,1.91079975831737
"MIR671",9.72,755,0.0280523147804117,1.91022204767
"SNORD88A",9.72,756,0.0280894701642268,1.90964497385579
"ARRDC2",9.71,757,0.0281266255480419,1.90906853528053
"FEM1A",9.71,758,0.028163780931857,1.90849273035611
"TNS2",9.71,759,0.0282009363156721,1.90791755750047
"LOC100287042",9.68,760,0.0282380916994873,1.90734301513762
"YDJC",9.68,761,0.0282752470833024,1.90676910169757
"C11ORF98",9.67,762,0.0283124024671175,1.90619581561629
"YIPF2",9.67,763,0.0283495578509326,1.90562315533571
"IRX3",9.65,764,0.0283867132347477,1.9050511193037
"RPS15",9.65,765,0.0284238686185628,1.90447970597398
"RPS27",9.64,766,0.0284610240023779,1.90390891380614
"SLC35C2",9.64,767,0.0284981793861931,1.90333874126561
"MYL5",9.63,768,0.0285353347700082,1.90276918682361
"MIR612",9.62,769,0.0285724901538233,1.90220024895711
"SPHK1",9.61,770,0.0286096455376384,1.90163192614885
"SUN2",9.61,771,0.0286468009214535,1.90106421688725
"RNF224",9.6,772,0.0286839563052686,1.90049711966644
"FASTK",9.59,773,0.0287211116890837,1.89993063298619
"MIR33A",9.59,774,0.0287582670728989,1.89936475535187
"MIRLET7BHG",9.59,775,0.028795422456714,1.89879948527448
"TK1",9.59,776,0.0288325778405291,1.89823482127057
"LOC105372280",9.58,777,0.0288697332243442,1.89767076186224
"MYC",9.58,778,0.0289068886081593,1.89710730557708
"ROM1",9.58,779,0.0289440439919744,1.89654445094818
"RPL23A",9.58,780,0.0289811993757896,1.8959821965141
"STX10",9.58,781,0.0290183547596047,1.89542054081878
"LOC100506548",9.57,782,0.0290555101434198,1.89485948241162
"MIR6765",9.56,783,0.0290926655272349,1.89429901984736
"RAD23A",9.56,784,0.02912982091105,1.8937391516861
"MROH6",9.55,785,0.0291669762948651,1.89317987649325
"CD37",9.54,786,0.0292041316786802,1.89262119283952
"HSP90AB1",9.54,787,0.0292412870624954,1.8920630993009
"SLC7A5",9.54,788,0.0292784424463105,1.89150559445861
"TFPT",9.54,789,0.0293155978301256,1.89094867689909
"TMEM179B",9.54,790,0.0293527532139407,1.89039234521397
"DDX11L10",9.53,791,0.0293899085977558,1.88983659800004
"MALAT1",9.53,792,0.0294270639815709,1.88928143385925
"SDR39U1",9.53,793,0.029464219365386,1.88872685139864
"SNX32",9.53,794,0.0295013747492012,1.88817284923034
"INF2",9.52,795,0.0295385301330163,1.88761942597157
"PFN1",9.52,796,0.0295756855168314,1.88706658024456
"ACHE",9.51,797,0.0296128409006465,1.88651431067658
"UBE2S",9.51,798,0.0296499962844616,1.88596261589986
"TSPAN4",9.49,799,0.0296871516682767,1.88541149455162
"GUK1",9.47,800,0.0297243070520918,1.88486094527401
"MBD6",9.46,801,0.029761462435907,1.88431096671411
"PLEKHG2",9.45,802,0.0297986178197221,1.88376155752387
"SLC35F6",9.45,803,0.0298357732035372,1.88321271636014
"SNORD1C",9.45,804,0.0298729285873523,1.88266444188458
"MIRLET7E",9.44,805,0.0299100839711674,1.88211673276371
"SNORD54",9.44,806,0.0299472393549825,1.88156958766881
"ZFP36L1",9.44,807,0.0299843947387977,1.88102300527598
"SNORD38A",9.43,808,0.0300215501226128,1.88047698426603
"ELP5",9.42,809,0.0300587055064279,1.87993152332452
"GLI4",9.42,810,0.030095860890243,1.87938662114173
"MIR345",9.42,811,0.0301330162740581,1.8788422764126
"NFKBIA",9.41,812,0.0301701716578732,1.87829848783673
"TMEM223",9.41,813,0.0302073270416883,1.87775525411839
"FAM83H",9.4,814,0.0302444824255035,1.87721257396643
"RHPN1",9.4,815,0.0302816378093186,1.87667044609432
"RBM3",9.39,816,0.0303187931931337,1.8761288692201
"CSNK1D",9.38,817,0.0303559485769488,1.87558784206635
"LOC91450",9.38,818,0.0303931039607639,1.87504736336018
"TSSC4",9.37,819,0.030430259344579,1.87450743183322
"PRELID1",9.36,820,0.0304674147283941,1.87396804622158
"PRR25",9.36,821,0.0305045701122093,1.87342920526583
"SIGIRR",9.36,822,0.0305417254960244,1.87289090771099
"C15ORF39",9.35,823,0.0305788808798395,1.87235315230649
"CAMK2N2",9.35,824,0.0306160362636546,1.87181593780618
"NAPRT",9.35,825,0.0306531916474697,1.87127926296828
"ESRRA",9.34,826,0.0306903470312848,1.87074312655538
"GPR37L1",9.33,827,0.0307275024151,1.87020752733439
"RCC1",9.33,828,0.0307646577989151,1.86967246407655
"SNORA5C",9.33,829,0.0308018131827302,1.8691379355574
"CABLES2",9.31,830,0.0308389685665453,1.86860394055677
"SLC25A6",9.31,831,0.0308761239503604,1.86807047785872
"C15ORF62",9.3,832,0.0309132793341755,1.86753754625157
"TOR4A",9.3,833,0.0309504347179906,1.86700514452785
"COPE",9.29,834,0.0309875901018058,1.8664732714843
"PUSL1",9.29,835,0.0310247454856209,1.86594192592181
"HIST4H4",9.28,836,0.031061900869436,1.86541110664546
"RHOF",9.28,837,0.0310990562532511,1.86488081246446
"DDX51",9.27,838,0.0311362116370662,1.86435104219214
"MIR3615",9.26,839,0.0311733670208813,1.86382179464593
"LAMTOR4",9.25,840,0.0312105224046964,1.86329306864735
"UQCR11",9.25,841,0.0312476777885116,1.86276486302196
"WDR54",9.25,842,0.0312848331723267,1.8622371765994
"ACY1",9.24,843,0.0313219885561418,1.8617100082133
"PHB2",9.24,844,0.0313591439399569,1.86118335670133
"SERPINH1",9.24,845,0.031396299323772,1.86065722090513
"PSPN",9.23,846,0.0314334547075871,1.86013159967032
"NAXE",9.21,847,0.0314706100914022,1.85960649184645
"IDI2",9.2,848,0.0315077654752174,1.85908189628703
"DBN1",9.19,849,0.0315449208590325,1.85855781184948
"NOP14-AS1",9.19,850,0.0315820762428476,1.8580342373951
"FAM102A",9.18,851,0.0316192316266627,1.8575111717891
"GADD45B",9.18,852,0.0316563870104778,1.85698861390052
"SNORA7B",9.18,853,0.0316935423942929,1.85646656260227
"TRMU",9.18,854,0.031730697778108,1.85594501677108
"ENTPD8",9.17,855,0.0317678531619232,1.85542397528747
"NOLC1",9.17,856,0.0318050085457383,1.85490343703578
"RPS24",9.17,857,0.0318421639295534,1.85438340090411
"CDC42BPG",9.16,858,0.0318793193133685,1.85386386578432
"MIEN1",9.16,859,0.0319164746971836,1.85334483057202
"DDX11L9",9.15,860,0.0319536300809987,1.85282629416651
"LOC730183",9.14,861,0.0319907854648139,1.85230825547084
"APC2",9.13,862,0.032027940848629,1.85179071339172
"GSE1",9.13,863,0.0320650962324441,1.85127366683955
"MIR3940",9.13,864,0.0321022516162592,1.85075711472838
"TRIM65",9.13,865,0.0321394070000743,1.85024105597589
"HOOK2",9.12,866,0.0321765623838894,1.8497254895034
"MIR1914",9.12,867,0.0322137177677045,1.84921041423583
"MIR5001",9.12,868,0.0322508731515197,1.84869582910169
"WDR83",9.12,869,0.0322880285353348,1.84818173303307
"PTGES2",9.1,870,0.0323251839191499,1.8476681249656
"DDX11L1",9.09,871,0.032362339302965,1.84715500383848
"RBM15B",9.09,872,0.0323994946867801,1.84664236859443
"PTK6",9.08,873,0.0324366500705952,1.84613021817966
"SOCS1",9.08,874,0.0324738054544103,1.84561855154389
"COX7C",9.07,875,0.0325109608382255,1.84510736764034
"MIR6786",9.07,876,0.0325481162220406,1.84459666542566
"PROCA1",9.07,877,0.0325852716058557,1.84408644385997
"ALDOA",9.06,878,0.0326224269896708,1.84357670190681
"TELO2",9.06,879,0.0326595823734859,1.84306743853316
"MIR99B",9.05,880,0.032696737757301,1.84255865270937
"C9ORF142",9.04,881,0.0327338931411161,1.84205034340921
"INTS1",9.04,882,0.0327710485249313,1.84154250960981
"SNORD58A",9.04,883,0.0328082039087464,1.84103515029166
"VPS9D1",9.04,884,0.0328453592925615,1.84052826443858
"CTBP1-AS2",9.02,885,0.0328825146763766,1.84002185103774
"C17ORF107",9,886,0.0329196700601917,1.83951590907962
"CYP2D7",9,887,0.0329568254440068,1.83901043755798
"PPP4C",9,888,0.032993980827822,1.83850543546988
"SLC16A8",9,889,0.0330311362116371,1.83800090181565
"DDX56",8.99,890,0.0330682915954522,1.83749683559889
"AKT1",8.98,891,0.0331054469792673,1.8369932358264
"C6ORF1",8.98,892,0.0331426023630824,1.83649010150826
"RNU12",8.98,893,0.0331797577468975,1.83598743165772
"IRF2BP2",8.97,894,0.0332169131307126,1.83548522529125
"LOC729652",8.97,895,0.0332540685145278,1.8349834814285
"MIR6875",8.97,896,0.0332912238983429,1.8344821990923
"DALRD3",8.95,897,0.033328379282158,1.83398137730864
"INPPL1",8.95,898,0.0333655346659731,1.83348101510662
"FTL",8.94,899,0.0334026900497882,1.83298111151852
"LOC100129697",8.94,900,0.0334398454336033,1.8324816655797
"PIM3",8.94,901,0.0334770008174184,1.83198267632864
"RPL27",8.94,902,0.0335141562012336,1.83148414280691
"SNORD139",8.94,903,0.0335513115850487,1.83098606405915
"CAPS",8.93,904,0.0335884669688638,1.83048843913306
"NPB",8.93,905,0.0336256223526789,1.8299912670794
"ARPC1B",8.92,906,0.033662777736494,1.82949454695196
"TALDO1",8.92,907,0.0336999331203091,1.82899827780756
"CHERP",8.9,908,0.0337370885041242,1.82850245870602
"MIR3918",8.9,909,0.0337742438879394,1.82800708871018
"AES",8.89,910,0.0338113992717545,1.82751216688583
"CELSR2",8.89,911,0.0338485546555696,1.82701769230177
"FIS1",8.89,912,0.0338857100393847,1.82652366402973
"CACNA1H",8.88,913,0.0339228654231998,1.8260300811444
"CD2BP2",8.88,914,0.0339600208070149,1.8255369427234
"PCBP1",8.88,915,0.03399717619083,1.82504424784728
"SNRPA",8.88,916,0.0340343315746452,1.82455199559949
"ECI1",8.87,917,0.0340714869584603,1.82406018506638
"FBXL16",8.87,918,0.0341086423422754,1.82356881533719
"MIR378I",8.87,919,0.0341457977260905,1.82307788550401
"TBC1D17",8.87,920,0.0341829531099056,1.82258739466183
"WDR90",8.87,921,0.0342201084937207,1.82209734190845
"P2RX2",8.86,922,0.0342572638775359,1.82160772634453
"USE1",8.86,923,0.034294419261351,1.82111854707353
"CBX2",8.85,924,0.0343315746451661,1.82062980320175
"FADD",8.85,925,0.0343687300289812,1.82014149383828
"MIR3190",8.84,926,0.0344058854127963,1.81965361809498
"MUS81",8.84,927,0.0344430407966114,1.81916617508651
"STRN4",8.84,928,0.0344801961804265,1.81867916393028
"MIR3191",8.83,929,0.0345173515642417,1.81819258374647
"MIR4648",8.83,930,0.0345545069480568,1.81770643365799
"TMEM147-AS1",8.83,931,0.0345916623318719,1.81722071279047
"CHRNG",8.82,932,0.034628817715687,1.81673542027228
"ZNF598",8.82,933,0.0346659730995021,1.81625055523449
"CLDN15",8.81,934,0.0347031284833172,1.81576611681086
"LOC102723566",8.81,935,0.0347402838671323,1.81528210413783
"LRCH4",8.81,936,0.0347774392509475,1.81479851635454
"C12ORF57",8.8,937,0.0348145946347626,1.81431535260275
"MIR6872",8.8,938,0.0348517500185777,1.81383261202692
"PRAF2",8.8,939,0.0348889054023928,1.81335029377412
"IRF2BPL",8.79,940,0.0349260607862079,1.81286839699404
"TSKU",8.78,941,0.034963216170023,1.81238692083902
"C16ORF59",8.77,942,0.0350003715538382,1.81190586446399
"LINC01311",8.77,943,0.0350375269376533,1.81142522702647
"MIR1282",8.76,944,0.0350746823214684,1.81094500768659
"SHC1",8.76,945,0.0351118377052835,1.81046520560702
"SNORA80B",8.76,946,0.0351489930890986,1.80998581995303
"TINF2",8.76,947,0.0351861484729137,1.80950684989243
"SNHG16",8.74,948,0.0352233038567288,1.80902829459556
"LOC606724",8.73,949,0.035260459240544,1.80855015323531
"SF1",8.72,950,0.0352976146243591,1.8080724249871
"GATA3",8.71,951,0.0353347700081742,1.80759510902884
"MRPL20",8.71,952,0.0353719253919893,1.80711820454095
"SLC25A5-AS1",8.69,953,0.0354090807758044,1.80664171070635
"ANKRD23",8.68,954,0.0354462361596195,1.80616562671044
"XRCC3",8.68,955,0.0354833915434346,1.80568995174109
"TIMM13",8.67,956,0.0355205469272498,1.80521468498863
"DRAP1",8.66,957,0.0355577023110649,1.80473982564583
"TMUB2",8.66,958,0.03559485769488,1.80426537290792
"LOC100288162",8.65,959,0.0356320130786951,1.80379132597255
"BCL9L",8.64,960,0.0356691684625102,1.80331768403981
"GPAA1",8.64,961,0.0357063238463253,1.80284444631217
"MIR4673",8.64,962,0.0357434792301404,1.80237161199453
"SNHG15",8.64,963,0.0357806346139556,1.80189918029417
"MIR6511B2",8.63,964,0.0358177899977707,1.80142715042076
"RPL27A",8.63,965,0.0358549453815858,1.80095552158632
"CCDC183",8.62,966,0.0358921007654009,1.80048429300527
"NUTM2G",8.62,967,0.035929256149216,1.80001346389435
"SIK1",8.62,968,0.0359664115330311,1.79954303347267
"FAM83E",8.58,969,0.0360035669168463,1.79907300096165
"CSNK1G2-AS1",8.57,970,0.0360407223006614,1.79860336558507
"LOC102724428",8.57,971,0.0360778776844765,1.79813412656899
"CDK9",8.55,972,0.0361150330682916,1.79766528314179
"SCX",8.55,973,0.0361521884521067,1.79719683453416
"ATP5D",8.54,974,0.0361893438359218,1.79672877997905
"SSR4",8.54,975,0.0362264992197369,1.79626111871173
"SEMA3B",8.52,976,0.0362636546035521,1.79579384996971
"CCDC28B",8.51,977,0.0363008099873672,1.79532697299276
"MIR4453",8.51,978,0.0363379653711823,1.79486048702292
"CCDC189",8.5,979,0.0363751207549974,1.79439439130445
"NUDT22",8.49,980,0.0364122761388125,1.79392868508387
"SF3A2",8.48,981,0.0364494315226276,1.79346336760991
"TMEM132A",8.48,982,0.0364865869064427,1.79299843813351
"TRMT1",8.48,983,0.0365237422902579,1.79253389590784
"NOXA1",8.47,984,0.036560897674073,1.79206974018825
"DINO",8.46,985,0.0365980530578881,1.79160597023228
"MIR6511B1",8.46,986,0.0366352084417032,1.79114258529966
"MIR6835",8.46,987,0.0366723638255183,1.79067958465228
"PISD",8.46,988,0.0367095192093334,1.79021696755423
"TMEM208",8.46,989,0.0367466745931485,1.7897547332717
"ANAPC11",8.45,990,0.0367838299769637,1.78929288107307
"IDH3B",8.44,991,0.0368209853607788,1.78883141022884
"MIR5684",8.44,992,0.0368581407445939,1.78837032001165
"MIR6832",8.44,993,0.036895296128409,1.78790960969626
"EFNA1",8.43,994,0.0369324515122241,1.78744927855953
"CBS",8.42,995,0.0369696068960392,1.78698932588044
"FAU",8.42,996,0.0370067622798544,1.78652975094007
"HGS",8.41,997,0.0370439176636695,1.78607055302158
"HRC",8.41,998,0.0370810730474846,1.7856117314102
"NOP56",8.4,999,0.0371182284312997,1.78515328539326
"EMD",8.39,1000,0.0371553838151148,1.78469521426013
