"gene","top1_density","top1_rank","top1_empirical_p","top1_z"
"RNU4-1",12.78,1,3.71553838151148e-05,3.96204423605616
"HES1",10.05,2,7.43107676302296e-05,3.79336151245513
"TALAM1",9.91,3,0.000111466151445344,3.69150352912403
"RNVU1-7",9.86,4,0.000148621535260459,3.61769090831839
"MASCRNA",9.62,5,0.000185776919075574,3.55950543936521
"EGR1",9.19,6,0.000222932302890689,3.51133353521897
"MALAT1",8.91,7,0.000260087686705804,3.47014608025715
"RNU5A-1",8,8,0.000297243070520918,3.43411763524301
"HIST1H1C",7.98,9,0.000334398454336033,3.40206107084356
"RNU5B-1",7.98,10,0.000371553838151148,3.37315996399904
"MIR5087",7.85,11,0.000408709221966263,3.34682822906588
"HIST2H2AB",7.62,12,0.000445864605781378,3.32263058774533
"MIR21",7.62,13,0.000483019989596493,3.30023471300384
"HIST2H2AC",7.47,14,0.000520175373411607,3.27938100383288
"RNU1-1",7.35,15,0.000557330757226722,3.25986271954274
"HIST1H1E",7.32,16,0.000594486141041837,3.24151247964521
"RNU4-2",7.11,17,0.000631641524856952,3.22419282528615
"RNU5D-1",6.82,18,0.000668796908672067,3.20778945683908
"RNVU1-19",6.69,19,0.000705952292487181,3.19220628453488
"SNORD3A",6.65,20,0.000743107676302296,3.17736173757108
"HIST2H2AA3",6.6,21,0.000780263060117411,3.16318596566212
"AREG",6.56,22,0.000817418443932526,3.1496186855998
"MIR4429",6.53,23,0.000854573827747641,3.13660750198486
"SNORD3B-1",6.42,24,0.000891729211562755,3.12410658191011
"HIST1H1B",6.32,25,0.00092888459537787,3.11207559753676
"SNORD3D",6.02,26,0.000966039979192985,3.10047887399428
"SNORD3C",6.01,27,0.0010031953630081,3.08928469646595
"RNVU1-6",5.97,28,0.00104035074682321,3.07846474199566
"RNU5E-1",5.87,29,0.00107750613063833,3.06799360996439
"XBP1",5.76,30,0.00111466151445344,3.05784843132767
"SNORA70",5.73,31,0.00115181689826856,3.04800854124529
"HIST2H3A",5.61,32,0.00118897228208367,3.03845520312719
"HIST1H1D",5.56,33,0.00122612766589879,3.02917137468249
"RNU7-1",5.47,34,0.0012632830497139,3.02014150851148
"TFF1",5.41,35,0.00130043843352902,3.0113513812843
"HIST1H3G",5.34,36,0.00133759381734413,3.00278794671615
"LOC221946",5.33,37,0.00137474920115925,2.99443920846105
"HIST2H4A",5.31,38,0.00141190458497436,2.9862941097652
"SNORD118",5.29,39,0.00144905996878948,2.97834243729091
"ACTB",5.21,40,0.00148621535260459,2.97057473697791
"MIR3143",5.02,41,0.00152337073641971,2.96298224017436
"HIST1H2AI",4.88,42,0.00156052612023482,2.95555679856664
"HIST1H2BC",4.87,43,0.00159768150404994,2.94829082667663
"HIST1H3B",4.75,44,0.00163483688786505,2.9411772508924
"MIR5047",4.73,45,0.00167199227168017,2.93420946415946
"ACTG1",4.57,46,0.00170914765549528,2.92738128559308
"MIR4530",4.26,47,0.0017463030393104,2.92068692438247
"IER3",4.25,48,0.00178345842312551,2.91412094745007
"MIR3193",4.14,49,0.00182061380694063,2.90767825040526
"NEAT1",4.1,50,0.00185776919075574,2.90135403139755
"DSCAM-AS1",4.09,51,0.00189492457457086,2.8951437675275
"SNORD14B",4.09,52,0.00193207995838597,2.8890431935206
"HIST2H2BE",4.01,53,0.00196923534220108,2.88304828240773
"MCL1",3.96,54,0.0020063907260162,2.87715522798947
"SNHG3",3.96,55,0.00204354610983131,2.87136042888967
"MIR4480",3.95,56,0.00208070149364643,2.86566047402824
"HIST1H2AG",3.88,57,0.00211785687746154,2.86005212936388
"HIST1H2AJ",3.85,58,0.00215501226127666,2.85453232577537
"HIST1H3H",3.81,59,0.00219216764509177,2.84909814796616
"SNORD80",3.79,60,0.00222932302890689,2.84374682428969
"IFITM10",3.77,61,0.002266478412722,2.83847571740527
"HIST1H3D",3.76,62,0.00230363379653712,2.83328231568425
"SNORA31",3.76,63,0.00234078918035223,2.82816422529513
"HIST1H4B",3.75,64,0.00237794456416735,2.82311916290408
"JUNB",3.74,65,0.00241509994798246,2.81814494893436
"RNU11",3.74,66,0.00245225533179758,2.81323950133368
"MIR15B",3.7,67,0.00248941071561269,2.8084008298044
"MIR320B2",3.68,68,0.00252656609942781,2.80362703045569
"SNORD65",3.68,69,0.00256372148324292,2.79891628084111
"RNY5",3.63,70,0.00260087686705804,2.79426683534871
"FOS",3.56,71,0.00263803225087315,2.78967702091386
"RNVU1-14",3.55,72,0.00267518763468827,2.78514523302812
"HIST1H2BO",3.54,73,0.00271234301850338,2.78066993201978
"SNORA73A",3.47,74,0.0027494984023185,2.77624963958431
"JUN",3.45,75,0.00278665378613361,2.7718829355445
"STC2",3.45,76,0.00282380916994873,2.76756845482255
"HIST1H2AM",3.41,77,0.00286096455376384,2.76330488460743
"ELF3",3.4,78,0.00289811993757896,2.7590909617027
"MIR1539",3.39,79,0.00293527532139407,2.75492547004098
"MIR5684",3.39,80,0.00297243070520918,2.75080723835281
"SNORD20",3.38,81,0.0030095860890243,2.74673513797832
"HIST1H4K",3.34,82,0.00304674147283941,2.74270808081154
"ID1",3.34,83,0.00308389685665453,2.73872501736748
"HIST1H2AH",3.32,84,0.00312105224046964,2.73478493496364
"GATA3",3.31,85,0.00315820762428476,2.73088685600757
"HIST1H2AD",3.24,86,0.00319536300809987,2.72702983638334
"SNORD96A",3.21,87,0.00323251839191499,2.72321296392996
"GAS5-AS1",3.16,88,0.0032696737757301,2.71943535700575
"MIR4518",3.16,89,0.00330682915954522,2.71569616313256
"RPL10",3.16,90,0.00334398454336033,2.7119945577149
"SNORD33",3.11,91,0.00338113992717545,2.70832974282878
"C6ORF226",3.07,92,0.00341829531099056,2.70470094607593
"HIST1H2BF",3.06,93,0.00345545069480568,2.70110741949906
"RPPH1",3.06,94,0.00349260607862079,2.69754843855443
"HIST1H2AL",3.04,95,0.00352976146243591,2.69402330113799
"EGR3",3.03,96,0.00356691684625102,2.69053132666188
"HIST2H3D",3.02,97,0.00360407223006614,2.6870718551781
"IER5",3.01,98,0.00364122761388125,2.68364424654651
"MIR6734",3.01,99,0.00367838299769637,2.68024787964457
"ZFP36",2.99,100,0.00371553838151148,2.67688215161613
"SNORD18A",2.98,101,0.0037526937653266,2.67354647715722
"MIR554",2.97,102,0.00378984914914171,2.67024028783646
"MIR5695",2.96,103,0.00382700453295683,2.66696303144821
"MYC",2.96,104,0.00386415991677194,2.66371417139655
"RNU12",2.96,105,0.00390131530058706,2.66049318610828
"HIST1H4J",2.95,106,0.00393847068440217,2.65729956847347
"FLOT1",2.94,107,0.00397562606821728,2.65413282531178
"MIR1207",2.94,108,0.0040127814520324,2.65099247686341
"SPTSSB",2.92,109,0.00404993683584751,2.64787805630303
"UBC",2.92,110,0.00408709221966263,2.64478910927575
"H3F3B",2.88,111,0.00412424760347774,2.64172519345372
"RPL41",2.88,112,0.00416140298729286,2.63868587811235
"SNORD36C",2.88,113,0.00419855837110797,2.63567074372509
"SNORD76",2.88,114,0.00423571375492309,2.63267938157588
"HIST1H3I",2.87,115,0.0042728691387382,2.62971139338823
"SNORD62A",2.85,116,0.00431002452255332,2.62676639097014
"KRT18",2.83,117,0.00434717990636843,2.62384399587408
"HIST1H2BI",2.82,118,0.00438433529018355,2.62094383907122
"HIST1H2BN",2.82,119,0.00442149067399866,2.61806556063922
"MIR631",2.81,120,0.00445864605781378,2.61520880946287
"MIR1291",2.79,121,0.00449580144162889,2.61237324294705
"HIST4H4",2.78,122,0.00453295682544401,2.6095585267413
"PLK2",2.76,123,0.00457011220925912,2.60676433447541
"HSPB1",2.75,124,0.00460726759307424,2.60399034750571
"MIR6715A",2.75,125,0.00464442297688935,2.60123625467127
"MIR6715B",2.75,126,0.00468157836070447,2.59850175205976
"SNORD4B",2.75,127,0.00471873374451958,2.59578654278239
"SNORD60",2.75,128,0.0047558891283347,2.59309033675758
"HIST2H2BC",2.73,129,0.00479304451214981,2.59041285050292
"SNORD71",2.73,130,0.00483019989596492,2.58775380693507
"IER2",2.72,131,0.00486735527978004,2.58511293517716
"MIR6828",2.71,132,0.00490451066359516,2.58248997037347
"MIR8068",2.71,133,0.00494166604741027,2.57988465351099
"SNORD56B",2.69,134,0.00497882143122538,2.57729673124755
"ADAMTSL4-AS1",2.68,135,0.0050159768150405,2.57472595574628
"MIR376A1",2.67,136,0.00505313219885561,2.57217208451605
"NDUFB10",2.67,137,0.00509028758267073,2.5696348802577
"SNORD38B",2.67,138,0.00512744296648584,2.56711411071582
"SNORD53",2.67,139,0.00516459835030096,2.56460954853571
"MIR887",2.64,140,0.00520175373411607,2.56212097112546
"GAS5",2.63,141,0.00523890911793119,2.55964816052287
"HIST1H4H",2.62,142,0.0052760645017463,2.55719090326703
"MIR936",2.62,143,0.00531321988556142,2.5547489902742
"ROMO1",2.62,144,0.00535037526937653,2.55232221671815
"SNORD43",2.62,145,0.00538753065319165,2.54991038191447
"MIR3164",2.61,146,0.00542468603700676,2.54751328920878
"PCF11-AS1",2.61,147,0.00546184142082188,2.54513074586876
"SNORD18C",2.61,148,0.00549899680463699,2.54276256297981
"SNORD78",2.61,149,0.00553615218845211,2.54040855534402
"MIR4645",2.6,150,0.00557330757226722,2.53806854138273
"HIST1H4F",2.59,151,0.00561046295608234,2.53574234304197
"SNORD25",2.57,152,0.00564761833989745,2.53342978570126
"MIR3191",2.56,153,0.00568477372371257,2.53113069808516
"MIR4786",2.56,154,0.00572192910752768,2.52884491217777
"MIR4797",2.52,155,0.0057590844913428,2.52657226313991
"HIST1H4E",2.51,156,0.00579623987515791,2.52431258922891
"MIR3190",2.51,157,0.00583339525897303,2.522065731721
"HIST1H2BG",2.5,158,0.00587055064278814,2.51983153483603
"MIR3136",2.5,159,0.00590770602660325,2.51760984566461
"MIR4304",2.5,160,0.00594486141041837,2.51540051409745
"MIR4314",2.5,161,0.00598201679423348,2.51320339275691
"MIR5006",2.5,162,0.0060191721780486,2.51101833693058
"RCC1",2.5,163,0.00605632756186371,2.50884520450696
"SNORA14A",2.5,164,0.00609348294567883,2.50668385591299
"EEF1A1",2.49,165,0.00613063832949394,2.50453415405351
"MIR4655",2.48,166,0.00616779371330906,2.5023959642525
"MIR1914",2.47,167,0.00620494909712417,2.50026915419607
"SNORA2C",2.47,168,0.00624210448093929,2.49815359387709
"SNORD81",2.47,169,0.0062792598647544,2.49604915554151
"MIR3153",2.46,170,0.00631641524856952,2.49395571363618
"MIR4505",2.46,171,0.00635357063238463,2.49187314475816
"SNORD30",2.46,172,0.00639072601619975,2.4898013276056
"CYR61",2.45,173,0.00642788140001486,2.48774014292987
"SNORD32A",2.45,174,0.00646503678382998,2.48568947348917
"HNRNPA2B1",2.44,175,0.00650219216764509,2.48364920400339
"MIR320D1",2.44,176,0.00653934755146021,2.48161922111026
"SNORD21",2.44,177,0.00657650293527532,2.47959941332269
"SNORD77",2.44,178,0.00661365831909044,2.47758967098736
"MIR1469",2.43,179,0.00665081370290555,2.47558988624438
"MIR216B",2.43,180,0.00668796908672067,2.47359995298809
"MIR3064",2.43,181,0.00672512447053578,2.47161976682897
"MIR4438",2.43,182,0.0067622798543509,2.46964922505648
"MIR940",2.43,183,0.00679943523816601,2.46768822660301
"RNVU1-15",2.43,184,0.00683659062198113,2.46573667200876
"SNORA4",2.43,185,0.00687374600579624,2.46379446338752
"HIST1H2AB",2.42,186,0.00691090138961136,2.46186150439341
"MYL12A",2.42,187,0.00694805677342647,2.45993770018848
"LINC00641",2.41,188,0.00698521215724158,2.45802295741114
"MIR4634",2.41,189,0.0070223675410567,2.45611718414548
"SNORD91B",2.41,190,0.00705952292487181,2.45422028989128
"MIR9-1",2.4,191,0.00709667830868693,2.45233218553491
"CCND1",2.39,192,0.00713383369250204,2.4504527833209
"MIR4758",2.39,193,0.00717098907631716,2.44858199682429
"RPLP0",2.39,194,0.00720814446013227,2.44671974092363
"MIR3918",2.37,195,0.00724529984394739,2.44486593177469
"SNORA58",2.37,196,0.0072824552277625,2.44302048678485
"SNORD46",2.37,197,0.00731961061157762,2.44118332458812
"HCFC1R1",2.36,198,0.00735676599539273,2.43935436502078
"SNORA38B",2.35,199,0.00739392137920785,2.43753352909759
"CTSD",2.34,200,0.00743107676302296,2.43572073898865
"HIST1H3F",2.34,201,0.00746823214683808,2.4339159179968
"SNORA54",2.34,202,0.00750538753065319,2.43211899053558
"SNORD1C",2.34,203,0.00754254291446831,2.43032988210766
"MIR503",2.33,204,0.00757969829828342,2.42854851928394
"FOXA1",2.32,205,0.00761685368209854,2.42677482968297
"MIR545",2.32,206,0.00765400906591365,2.42500874195104
"SNORD12B",2.32,207,0.00769116444972877,2.42325018574259
"SNORD82",2.32,208,0.00772831983354388,2.42149909170121
"MIR4509-1",2.31,209,0.007765475217359,2.41975539144098
"MIR802",2.31,210,0.00780263060117411,2.41801901752839
"SNORA48",2.31,211,0.00783978598498923,2.41628990346447
"ZFP36L2",2.31,212,0.00787694136880434,2.4145679836676
"EIF4A2",2.28,213,0.00791409675261946,2.41285319345646
"MIR125B2",2.28,214,0.00795125213643457,2.41114546903359
"MIR300",2.28,215,0.00798840752024968,2.40944474746915
"RNF223",2.28,216,0.0080255629040648,2.40775096668521
"ACPT",2.27,217,0.00806271828787991,2.40606406544024
"MIR154",2.27,218,0.00809987367169503,2.4043839833141
"MIR27B",2.27,219,0.00813702905551014,2.40271066069328
"TMEM126A",2.27,220,0.00817418443932526,2.40104403875645
"CLDN4",2.26,221,0.00821133982314037,2.39938405946041
"MGC16275",2.26,222,0.00824849520695549,2.39773066552633
"MIR5700",2.25,223,0.0082856505907706,2.39608380042625
"SNORD1B",2.25,224,0.00832280597458572,2.3944434083699
"TPT1",2.25,225,0.00835996135840083,2.39280943429185
"ATF4",2.24,226,0.00839711674221595,2.39118182383887
"MIR572",2.24,227,0.00843427212603106,2.38956052335766
"NR2F2",2.24,228,0.00847142750984618,2.38794547988271
"SNORA61",2.24,229,0.00850858289366129,2.38633664112455
"SNORA73B",2.24,230,0.00854573827747641,2.38473395545818
"IRF2BP2",2.23,231,0.00858289366129152,2.38313737191178
"HIST1H2BL",2.22,232,0.00862004904510664,2.38154684015565
"MIR5088",2.22,233,0.00865720442892175,2.37996231049138
"BAMBI",2.21,234,0.00869435981273687,2.37838373384122
"MIR3912",2.21,235,0.00873151519655198,2.37681106173776
"MIR4692",2.21,236,0.0087686705803671,2.37524424631372
"HIST1H2AK",2.2,237,0.00880582596418221,2.37368324029204
"MIR190A",2.2,238,0.00884298134799733,2.37212799697609
"MIR3142",2.2,239,0.00888013673181244,2.3705784702402
"MIR4999",2.2,240,0.00891729211562755,2.36903461452024
"MIR6810",2.2,241,0.00895444749944267,2.36749638480451
"SNORD101",2.2,242,0.00899160288325778,2.36596373662477
"SNORD14C",2.2,243,0.0090287582670729,2.36443662604743
"DUSP4",2.19,244,0.00906591365088801,2.362915009665
"MIR3116-2",2.19,245,0.00910306903470313,2.36139884458758
"MIR616",2.19,246,0.00914022441851824,2.35988808843465
"MIR8064",2.19,247,0.00917737980233336,2.35838269932693
"SNORA70E",2.19,248,0.00921453518614847,2.3568826358785
"MIR1184-1",2.18,249,0.00925169056996359,2.35538785718895
"MIR1273G",2.18,250,0.0092888459537787,2.3538983228358
"MYL6",2.18,251,0.00932600133759382,2.352413992867
"MIR147A",2.17,252,0.00936315672140893,2.35093482779362
"MIR664B",2.16,253,0.00940031210522405,2.34946078858263
"SNORA59A",2.16,254,0.00943746748903916,2.34799183664987
"APRT",2.15,255,0.00947462287285428,2.34652793385313
"MIR636",2.15,256,0.00951177825666939,2.34506904248538
"RPL13",2.15,257,0.00954893364048451,2.34361512526811
"SNORD44",2.15,258,0.00958608902429962,2.34216614534483
"SRSF3",2.15,259,0.00962324440811474,2.34072206627463
"TPM4",2.15,260,0.00966039979192985,2.33928285202594
"DDX5",2.14,261,0.00969755517574497,2.33784846697035
"MIR27A",2.14,262,0.00973471055956008,2.3364188758766
"MIR3116-1",2.13,263,0.0097718659433752,2.3349940439046
"MIR6893",2.13,264,0.00980902132719031,2.33357393659966
"MIR1285-2",2.12,265,0.00984617671100542,2.33215851988673
"NRARP",2.12,266,0.00988333209482054,2.33074776006487
"GPRC5A",2.11,267,0.00992048747863565,2.32934162380167
"MIR142",2.11,268,0.00995764286245077,2.32794007812788
"MIR520H",2.11,269,0.00999479824626588,2.32654309043216
"SNORD51",2.11,270,0.010031953630081,2.32515062845579
"IER5L",2.1,271,0.0100691090138961,2.32376266028761
"MIR103B1",2.1,272,0.0101062643977112,2.322379154359
"MIR5093",2.1,273,0.0101434197815263,2.32100007943895
"MIR6777",2.1,274,0.0101805751653415,2.31962540462923
"MIR6853",2.1,275,0.0102177305491566,2.31825509935961
"MIRLET7A1",2.09,276,0.0102548859329717,2.31688913338325
"SNORD59B",2.09,277,0.0102920413167868,2.31552747677205
"METTL23",2.08,278,0.0103291967006019,2.31417009991221
"MIR103A1",2.08,279,0.010366352084417,2.31281697349977
"MIR4775",2.08,280,0.0104035074682321,2.31146806853628
"MIR4804",2.08,281,0.0104406628520473,2.31012335632452
"TMSB4X",2.08,282,0.0104778182358624,2.30878280846434
"CTGF",2.06,283,0.0105149736196775,2.3074463968485
"MIR519C",2.06,284,0.0105521290034926,2.30611409365864
"RPL13A",2.06,285,0.0105892843873077,2.30478587136129
"WEE1",2.06,286,0.0106264397711228,2.30346170270401
"ZFP36L1",2.06,287,0.010663595154938,2.30214156071146
"CKS2",2.05,288,0.0107007505387531,2.3008254186817
"LOC100506548",2.05,289,0.0107379059225682,2.29951325018244
"MIR4481",2.05,290,0.0107750613063833,2.29820502904739
"MIR548V",2.05,291,0.0108122166901984,2.29690072937271
"RPL36A",2.05,292,0.0108493720740135,2.29560032551342
"SNORA103",2.05,293,0.0108865274578286,2.29430379207998
"SNORA36A",2.05,294,0.0109236828416438,2.29301110393488
"C12ORF57",2.04,295,0.0109608382254589,2.29172223618926
"MIR1281",2.04,296,0.010997993609274,2.29043716419963
"MIR4258",2.04,297,0.0110351489930891,2.28915586356463
"MIR4707",2.04,298,0.0110723043769042,2.28787831012184
"MIR4712",2.04,299,0.0111094597607193,2.28660447994463
"MIR614",2.04,300,0.0111466151445344,2.2853343493391
"PTP4A1",2.04,301,0.0111837705283496,2.28406789484102
"RNU5F-1",2.04,302,0.0112209259121647,2.28280509321288
"RNVU1-8",2.04,303,0.0112580812959798,2.28154592144092
"SNHG19",2.04,304,0.0112952366797949,2.28029035673225
"SNORD129",2.04,305,0.01133239206361,2.27903837651203
"EIF1",2.03,306,0.0113695474474251,2.27778995842064
"HIST1H4C",2.03,307,0.0114067028312402,2.27654508031097
"MIR106B",2.03,308,0.0114438582150554,2.27530372024567
"MIR378D2",2.03,309,0.0114810135988705,2.2740658564945
"MIR4256",2.03,310,0.0115181689826856,2.27283146753176
"MIR4802",2.03,311,0.0115553243665007,2.27160053203361
"PCBP1",2.03,312,0.0115924797503158,2.27037302887563
"SNORA10",2.03,313,0.0116296351341309,2.26914893713025
"SNORA63",2.03,314,0.011666790517946,2.26792823606434
"MIR141",2.01,315,0.0117039459017612,2.26671090513674
"MIR324",2.01,316,0.0117411012855763,2.26549692399593
"UGDH",2.01,317,0.0117782566693914,2.26428627247765
"KRT19",2,318,0.0118154120532065,2.26307893060257
"MIR193B",2,319,0.0118525674370216,2.26187487857408
"MIR3168",2,320,0.0118897228208367,2.26067409677599
"MIR3674",2,321,0.0119268782046519,2.25947656577036
"MIR4419A",2,322,0.011964033588467,2.2582822662953
"MIR4462",2,323,0.0120011889722821,2.25709117926286
"MIR585",2,324,0.0120383443560972,2.25590328575691
"MRPL53",2,325,0.0120754997399123,2.25471856703106
"SNORA64",2,326,0.0121126551237274,2.25353700450663
"SNORA80E",2,327,0.0121498105075425,2.25235857977065
"SNORD111B",2,328,0.0121869658913577,2.25118327457384
"SNORD115-11",2,329,0.0122241212751728,2.25001107082869
"SOX4",2,330,0.0122612766589879,2.24884195060754
"HIST1H4D",1.99,331,0.012298432042803,2.24767589614064
"MIR1204",1.99,332,0.0123355874266181,2.24651288981436
"PTMA",1.99,333,0.0123727428104332,2.24535291416929
"SLC38A2",1.99,334,0.0124098981942483,2.24419595189843
"BHLHE40",1.98,335,0.0124470535780635,2.24304198584547
"C7ORF66",1.98,336,0.0124842089618786,2.24189099900294
"MIR200A",1.98,337,0.0125213643456937,2.24074297451056
"MIR4501",1.98,338,0.0125585197295088,2.23959789565347
"MIR608",1.98,339,0.0125956751133239,2.23845574586059
"NRADDP",1.98,340,0.012632830497139,2.23731650870292
"SNORA27",1.98,341,0.0126699858809541,2.23618016789197
"SNORD12",1.98,342,0.0127071412647693,2.23504670727807
"THBS1",1.98,343,0.0127442966485844,2.23391611084886
"MIR3611",1.97,344,0.0127814520323995,2.23278836272765
"MIR4733",1.97,345,0.0128186074162146,2.23166344717193
"MIR520G",1.97,346,0.0128557628000297,2.23054134857186
"MIR548AP",1.97,347,0.0128929181838448,2.22942205144871
"MIR6879",1.97,348,0.01293007356766,2.22830554045342
"MIR8075",1.97,349,0.0129672289514751,2.22719180036517
"SNORD115-6",1.97,350,0.0130043843352902,2.22608081608989
"MIR449C",1.96,351,0.0130415397191053,2.22497257265888
"MIR6508",1.96,352,0.0130786951029204,2.22386705522738
"RPL15",1.96,353,0.0131158504867355,2.22276424907324
"LOC105379183",1.95,354,0.0131530058705506,2.22166413959553
"MIR3658",1.95,355,0.0131901612543658,2.2205667123132
"MIR4323",1.95,356,0.0132273166381809,2.21947195286378
"MIR4448",1.95,357,0.013264472021996,2.21837984700206
"MIR6877",1.95,358,0.0133016274058111,2.2172903805988
"RNU4ATAC",1.95,359,0.0133387827896262,2.2162035396395
"SNORA17A",1.95,360,0.0133759381734413,2.21511931022309
"SNORA22",1.95,361,0.0134130935572564,2.21403767856078
"SNORD15A",1.95,362,0.0134502489410716,2.21295863097474
"SNORD57",1.95,363,0.0134874043248867,2.21188215389701
"TGIF1",1.95,364,0.0135245597087018,2.21080823386824
"MIR1973",1.94,365,0.0135617150925169,2.20973685753656
"MIR4636",1.94,366,0.013598870476332,2.20866801165639
"MIR517C",1.94,367,0.0136360258601471,2.20760168308738
"MIR5708",1.94,368,0.0136731812439623,2.20653785879319
"NACAP1",1.94,369,0.0137103366277774,2.20547652584048
"OR2AT4",1.94,370,0.0137474920115925,2.20441767139773
"TMEM107",1.94,371,0.0137846473954076,2.20336128273427
"HNRNPA1",1.93,372,0.0138218027792227,2.20230734721909
"ID3",1.93,373,0.0138589581630378,2.2012558523199
"MIR4460",1.92,374,0.0138961135468529,2.20020678560204
"MIR6856",1.92,375,0.0139332689306681,2.19916013472749
"RPL23A",1.92,376,0.0139704243144832,2.19811588745382
"RPS16",1.92,377,0.0140075796982983,2.19707403163324
"SNORD28",1.92,378,0.0140447350821134,2.19603455521159
"SNORD97",1.92,379,0.0140818904659285,2.19499744622739
"SRSF2",1.92,380,0.0141190458497436,2.19396269281088
"TLCD1",1.92,381,0.0141562012335587,2.19293028318307
"ZFAS1",1.92,382,0.0141933566173739,2.19190020565481
"ZNHIT2",1.92,383,0.014230512001189,2.19087244862586
"HIST1H2BD",1.91,384,0.0142676673850041,2.18984700058402
"MIR202",1.91,385,0.0143048227688192,2.18882385010418
"MIR4510",1.91,386,0.0143419781526343,2.18780298584749
"MIR644A",1.91,387,0.0143791335364494,2.18678439656044
"MIR7706",1.91,388,0.0144162889202645,2.18576807107404
"RBM3",1.91,389,0.0144534443040797,2.18475399830292
"RPS29",1.91,390,0.0144905996878948,2.18374216724453
"SNORD6",1.91,391,0.0145277550717099,2.18273256697831
"CT83",1.9,392,0.014564910455525,2.18172518666484
"MIR1261",1.9,393,0.0146020658393401,2.18072001554504
"MIR152",1.9,394,0.0146392212231552,2.17971704293939
"MIR3118-2",1.9,395,0.0146763766069704,2.17871625824714
"PPP1R10",1.9,396,0.0147135319907855,2.17771765094549
"RPL22L1",1.9,397,0.0147506873746006,2.17672121058888
"THOC6",1.9,398,0.0147878427584157,2.17572692680819
"RAB26",1.89,399,0.0148249981422308,2.17473478930998
"SNHG1",1.89,400,0.0148621535260459,2.17374478787579
"ERRFI1",1.88,401,0.014899308909861,2.17275691236138
"GPR151",1.88,402,0.0149364642936762,2.171771152696
"LOC105372280",1.88,403,0.0149736196774913,2.1707874988817
"MIR6834",1.88,404,0.0150107750613064,2.1698059409926
"P2RY11",1.88,405,0.0150479304451215,2.16882646917421
"SNORD75",1.88,406,0.0150850858289366,2.16784907364273
"GADD45G",1.87,407,0.0151222412127517,2.16687374468437
"IL10RB-AS1",1.87,408,0.0151593965965668,2.16590047265469
"MIR516B2",1.87,409,0.015196551980382,2.16492924797793
"MIR624",1.87,410,0.0152337073641971,2.16396006114632
"MIR6756",1.87,411,0.0152708627480122,2.1629929027195
"MIR6825",1.87,412,0.0153080181318273,2.16202776332382
"NRIP1",1.87,413,0.0153451735156424,2.16106463365173
"OR6B2",1.87,414,0.0153823288994575,2.16010350446116
"RPS23",1.87,415,0.0154194842832726,2.15914436657489
"SNORA53",1.87,416,0.0154566396670878,2.15818721087993
"HIST1H2AE",1.86,417,0.0154937950509029,2.15723202832696
"MIR3606",1.86,418,0.015530950434718,2.15627880992968
"MIR7845",1.86,419,0.0155681058185331,2.15532754676424
"SKIL",1.86,420,0.0156052612023482,2.15437822996867
"FOSL2",1.85,421,0.0156424165861633,2.15343085074231
"KRTAP23-1",1.85,422,0.0156795719699785,2.1524854003452
"LOC101927851",1.85,423,0.0157167273537936,2.15154187009757
"MIR1908",1.85,424,0.0157538827376087,2.15060025137922
"MIR2113",1.85,425,0.0157910381214238,2.14966053562906
"MIR4269",1.85,426,0.0158281935052389,2.14872271434447
"MIR4713",1.85,427,0.015865348889054,2.14778677908082
"MIR4784",1.85,428,0.0159025042728691,2.14685272145095
"MIR5586",1.85,429,0.0159396596566843,2.14592053312461
"SLC35B2",1.85,430,0.0159768150404994,2.14499020582793
"SNAR-D",1.85,431,0.0160139704243145,2.14406173134298
"SNORA29",1.85,432,0.0160511258081296,2.14313510150717
"SNORD111",1.85,433,0.0160882811919447,2.14221030821281
"TNFRSF12A",1.85,434,0.0161254365757598,2.14128734340662
"COPS6",1.84,435,0.0161625919595749,2.14036619908919
"EDN1",1.84,436,0.0161997473433901,2.13944686731453
"LENEP",1.84,437,0.0162369027272052,2.13852934018959
"LOC100996419",1.84,438,0.0162740581110203,2.13761360987379
"MIR2909",1.84,439,0.0163112134948354,2.13669966857854
"MIR6515",1.84,440,0.0163483688786505,2.13578750856677
"MIR6786",1.84,441,0.0163855242624656,2.1348771221525
"GPS2",1.83,442,0.0164226796462807,2.13396850170036
"HNRNPDL",1.83,443,0.0164598350300959,2.13306163962515
"MIR4441",1.83,444,0.016496990413911,2.13215652839141
"MIR6735",1.83,445,0.0165341457977261,2.13125316051297
"RHOV",1.83,446,0.0165713011815412,2.13035152855253
"SAT1",1.83,447,0.0166084565653563,2.1294516251212
"SNORA68",1.83,448,0.0166456119491714,2.12855344287812
"SNORD17",1.83,449,0.0166827673329865,2.12765697453
"HIST1H2AC",1.82,450,0.0167199227168017,2.12676221283075
"LINC01011",1.82,451,0.0167570781006168,2.12586915058103
"LXN",1.82,452,0.0167942334844319,2.12497778062785
"MIR3655",1.82,453,0.016831388868247,2.12408809586421
"MIR3689D2",1.82,454,0.0168685442520621,2.12320008922864
"MIR4512",1.82,455,0.0169056996358772,2.12231375370487
"MIR6764",1.82,456,0.0169428550196924,2.12142908232139
"S100A11",1.82,457,0.0169800104035075,2.12054606815111
"SNAR-E",1.82,458,0.0170171657873226,2.11966470431095
"HNRNPC",1.81,459,0.0170543211711377,2.11878498396146
"MIR145",1.81,460,0.0170914765549528,2.11790690030649
"MIR4790",1.81,461,0.0171286319387679,2.11703044659277
"MIR4799",1.81,462,0.017165787322583,2.11615561610959
"RPL4",1.81,463,0.0172029427063982,2.11528240218842
"SNORA66",1.81,464,0.0172400980902133,2.11441079820253
"SNORA81",1.81,465,0.0172772534740284,2.1135407975667
"SNORD114-9",1.81,466,0.0173144088578435,2.11267239373681
"CT62",1.8,467,0.0173515642416586,2.11180558020953
"HIST1H4A",1.8,468,0.0173887196254737,2.11094035052196
"MIR23A",1.8,469,0.0174258750092888,2.11007669825131
"MIR523",1.8,470,0.017463030393104,2.10921461701456
"PIP5KL1",1.8,471,0.0175001857769191,2.1083541004681
"SNORD134",1.8,472,0.0175373411607342,2.10749514230746
"SNORD4A",1.8,473,0.0175744965445493,2.10663773626695
"SRSF10",1.8,474,0.0176116519283644,2.10578187611933
"YTHDF3-AS1",1.8,475,0.0176488073121795,2.10492755567551
"GREB1",1.79,476,0.0176859626959947,2.10407476878426
"HNRNPL",1.79,477,0.0177231180798098,2.10322350933183
"KRT80",1.79,478,0.0177602734636249,2.10237377124172
"MIR4761",1.79,479,0.01779742884744,2.10152554847434
"MIR6862-1",1.79,480,0.0178345842312551,2.10067883502668
"MIR758",1.79,481,0.0178717396150702,2.09983362493208
"YWHAZ",1.79,482,0.0179088949988853,2.09898991225987
"GADD45B",1.78,483,0.0179460503827005,2.09814769111513
"HNRNPF",1.78,484,0.0179832057665156,2.09730695563836
"LINC00350",1.78,485,0.0180203611503307,2.09646770000521
"MIR3192",1.78,486,0.0180575165341458,2.0956299184262
"MIR3691",1.78,487,0.0180946719179609,2.09479360514644
"MIR4482",1.78,488,0.018131827301776,2.09395875444535
"MIR519A1",1.78,489,0.0181689826855911,2.09312536063638
"SURF1",1.78,490,0.0182061380694063,2.09229341806676
"TUFT1",1.78,491,0.0182432934532214,2.09146292111718
"ZACN",1.78,492,0.0182804488370365,2.09063386420158
"CDT1",1.77,493,0.0183176042208516,2.08980624176687
"LINC01578",1.77,494,0.0183547596046667,2.08898004829264
"MIR1972-1",1.77,495,0.0183919149884818,2.08815527829094
"MIR4535",1.77,496,0.0184290703722969,2.087331926306
"RPL10A",1.77,497,0.0184662257561121,2.08650998691399
"SNORD144",1.77,498,0.0185033811399272,2.08568945472276
"TOB1",1.77,499,0.0185405365237423,2.08487032437159
"YRDC",1.77,500,0.0185776919075574,2.08405259053094
"ABHD11-AS1",1.76,501,0.0186148472913725,2.08323624790224
"H2AFJ",1.76,502,0.0186520026751876,2.08242129121761
"HIF1A",1.76,503,0.0186891580590027,2.08160771523962
"HNRNPA3",1.76,504,0.0187263134428179,2.08079551476108
"MIR2277",1.76,505,0.018763468826633,2.0799846846048
"MIR3130-1",1.76,506,0.0188006242104481,2.07917521962333
"MIR5692A1",1.76,507,0.0188377795942632,2.07836711469878
"MIR658",1.76,508,0.0188749349780783,2.07756036474254
"MIR6824",1.76,509,0.0189120903618934,2.07675496469509
"PRG1",1.76,510,0.0189492457457086,2.07595090952577
"SLC10A5",1.76,511,0.0189864011295237,2.07514819423252
"SNORA60",1.76,512,0.0190235565133388,2.07434681384174
"SNORD116-10",1.76,513,0.0190607118971539,2.07354676340801
"SRSF1",1.76,514,0.019097867280969,2.07274803801389
"DDIT3",1.75,515,0.0191350226647841,2.0719506327697
"MIR4433B",1.75,516,0.0191721780485992,2.07115454281335
"MIR4473",1.75,517,0.0192093334324144,2.07035976331009
"MIR4522",1.75,518,0.0192464888162295,2.06956628945229
"MIR548F4",1.75,519,0.0192836442000446,2.06877411645929
"MIR6819",1.75,520,0.0193207995838597,2.06798323957716
"MIR7111",1.75,521,0.0193579549676748,2.0671936540785
"SNORD141A",1.75,522,0.0193951103514899,2.06640535526226
"SNORD16",1.75,523,0.019432265735305,2.0656183384535
"HCG14",1.74,524,0.0194694211191202,2.06483259900328
"HIST1H2BE",1.74,525,0.0195065765029353,2.06404813228835
"MIR4433A",1.74,526,0.0195437318867504,2.06326493371106
"MIR5692A2",1.74,527,0.0195808872705655,2.06248299869912
"MIR620",1.74,528,0.0196180426543806,2.06170232270542
"MIR6717",1.74,529,0.0196551980381957,2.06092290120785
"MIR7847",1.74,530,0.0196923534220108,2.0601447297091
"PNRC2",1.74,531,0.019729508805826,2.0593678037365
"PPIA",1.74,532,0.0197666641896411,2.05859211884183
"SCARNA20",1.74,533,0.0198038195734562,2.05781767060113
"SNORD45B",1.74,534,0.0198409749572713,2.05704445461452
"SNORD99",1.74,535,0.0198781303410864,2.05627246650606
"LOC102724034",1.73,536,0.0199152857249015,2.05550170192352
"MIR3681",1.73,537,0.0199524411087167,2.05473215653826
"MIR4435-1",1.73,538,0.0199895964925318,2.05396382604502
"MIR4435-2",1.73,539,0.0200267518763469,2.05319670616178
"MIR489",1.73,540,0.020063907260162,2.05243079262955
"MIR7978",1.73,541,0.0201010626439771,2.05166608121225
"RPS27",1.73,542,0.0201382180277922,2.05090256769653
"SFN",1.73,543,0.0201753734116073,2.05014024789157
"GDF15",1.72,544,0.0202125287954225,2.04937911762899
"HIST1H2BK",1.72,545,0.0202496841792376,2.04861917276261
"MIR205",1.72,546,0.0202868395630527,2.04786040916835
"MIR30B",1.72,547,0.0203239949468678,2.04710282274404
"MIR3187",1.72,548,0.0203611503306829,2.04634640940929
"MIR6086",1.72,549,0.020398305714498,2.04559116510529
"MIR6892",1.72,550,0.0204354610983131,2.0448370857947
"RACK1",1.72,551,0.0204726164821283,2.0440841674615
"RBM39",1.72,552,0.0205097718659434,2.0433324061108
"RPL36",1.72,553,0.0205469272497585,2.0425817977687
"SNORA95",1.72,554,0.0205840826335736,2.04183233848218
"SNORD103A",1.72,555,0.0206212380173887,2.04108402431891
"SNORD58C",1.72,556,0.0206583934012038,2.04033685136713
"CD68",1.71,557,0.020695548785019,2.03959081573549
"HIST1H2BJ",1.71,558,0.0207327041688341,2.03884591355292
"MIR184",1.71,559,0.0207698595526492,2.03810214096847
"MIR4428",1.71,560,0.0208070149364643,2.03735949415119
"MIR4485",1.71,561,0.0208441703202794,2.03661796928998
"MIR5697",1.71,562,0.0208813257040945,2.03587756259343
"MIR6815",1.71,563,0.0209184810879096,2.03513827028975
"MIR8069-1",1.71,564,0.0209556364717248,2.03440008862655
"RNU6ATAC",1.71,565,0.0209927918555399,2.03366301387077
"SNORA72",1.71,566,0.021029947239355,2.0329270423085
"CFL1",1.7,567,0.0210671026231701,2.0321921702449
"FLJ13224",1.7,568,0.0211042580069852,2.031458394004
"MIR3662",1.7,569,0.0211414133908003,2.03072570992864
"MIR3935",1.7,570,0.0211785687746154,2.02999411438029
"MIR4267",1.7,571,0.0212157241584306,2.02926360373896
"MIR4311",1.7,572,0.0212528795422457,2.02853417440304
"MIR4426",1.7,573,0.0212900349260608,2.0278058227892
"MIR4521",1.7,574,0.0213271903098759,2.02707854533223
"MIR6771",1.7,575,0.021364345693691,2.02635233848498
"NT5C2",1.7,576,0.0214015010775061,2.02562719871816
"PCBP2",1.7,577,0.0214386564613212,2.0249031225203
"RPL27A",1.7,578,0.0214758118451364,2.02418010639754
"SNORD74",1.7,579,0.0215129672289515,2.0234581468736
"SNORD79",1.7,580,0.0215501226127666,2.02273724048959
"TAS2R46",1.7,581,0.0215872779965817,2.02201738380394
"TM7SF2",1.7,582,0.0216244333803968,2.02129857339225
"TOB1-AS1",1.7,583,0.0216615887642119,2.02058080584721
"DNASE1L1",1.69,584,0.021698744148027,2.01986407777846
"HDDC3",1.69,585,0.0217358995318422,2.01914838581246
"KRTAP19-2",1.69,586,0.0217730549156573,2.01843372659244
"MIR3145",1.69,587,0.0218102102994724,2.01772009677823
"MIR4722",1.69,588,0.0218473656832875,2.01700749304615
"MIR506",1.69,589,0.0218845210671026,2.01629591208895
"MIR6822",1.69,590,0.0219216764509177,2.01558535061565
"RND3",1.69,591,0.0219588318347329,2.01487580535146
"RPL18",1.69,592,0.021995987218548,2.01416727303766
"RRS1",1.69,593,0.0220331426023631,2.01345975043151
"TGFB2-AS1",1.69,594,0.0220702979861782,2.01275323430613
"UQCRQ",1.69,595,0.0221074533699933,2.01204772145039
"CITED2",1.68,596,0.0221446087538084,2.01134320866882
"MIR1267",1.68,597,0.0221817641376235,2.01063969278151
"MIR4291",1.68,598,0.0222189195214387,2.009937170624
"MIR4539",1.68,599,0.0222560749052538,2.00923563904719
"NFE2L3",1.68,600,0.0222932302890689,2.0085350949172
"OR2T33",1.68,601,0.022330385672884,2.00783553511534
"RPS3",1.68,602,0.0223675410566991,2.00713695653795
"SCARNA11",1.68,603,0.0224046964405142,2.00643935609633
"SNORD87",1.68,604,0.0224418518243293,2.00574273071664
"TRIM59",1.68,605,0.0224790072081445,2.0050470773398
"VTRNA1-2",1.68,606,0.0225161625919596,2.00435239292141
"C1QTNF6",1.67,607,0.0225533179757747,2.00365867443163
"CCDC89",1.67,608,0.0225904733595898,2.0029659188551
"GINS2",1.67,609,0.0226276287434049,2.00227412319085
"LOC284454",1.67,610,0.02266478412722,2.0015832844522
"MIR1321",1.67,611,0.0227019395110351,2.00089339966669
"MIR4483",1.67,612,0.0227390948948503,2.00020446587593
"MIR492",1.67,613,0.0227762502786654,1.9995164801356
"MIR548H5",1.67,614,0.0228134056624805,1.99882943951528
"MIR6750",1.67,615,0.0228505610462956,1.9981433410984
"MIR6781",1.67,616,0.0228877164301107,1.99745818198217
"MIR6785",1.67,617,0.0229248718139258,1.99677395927742
"MIR7154",1.67,618,0.022962027197741,1.99609067010862
"MIR7705",1.67,619,0.0229991825815561,1.99540831161369
"MXD1",1.67,620,0.0230363379653712,1.99472688094397
"MYADM",1.67,621,0.0230734933491863,1.99404637526415
"NPM1",1.67,622,0.0231106487330014,1.99336679175215
"HNRNPK",1.66,623,0.0231478041168165,1.99268812759903
"LOC104968399",1.66,624,0.0231849595006316,1.99201038000895
"MIR215",1.66,625,0.0232221148844468,1.99133354619907
"MIRLET7F1",1.66,626,0.0232592702682619,1.99065762339944
"NORAD",1.66,627,0.023296425652077,1.98998260885297
"PAQR9",1.66,628,0.0233335810358921,1.9893084998153
"RN7SK",1.66,629,0.0233707364197072,1.98863529355475
"RPL3",1.66,630,0.0234078918035223,1.98796298735226
"RPS20",1.66,631,0.0234450471873374,1.98729157850126
"RPS8",1.66,632,0.0234822025711526,1.98662106430763
"SNAR-C4",1.66,633,0.0235193579549677,1.98595144208961
"SNORA105A",1.66,634,0.0235565133387828,1.98528270917772
"SNORD116-12",1.66,635,0.0235936687225979,1.98461486291472
"SNX5",1.66,636,0.023630824106413,1.98394790065548
"TPM1",1.66,637,0.0236679794902281,1.98328181976693
"ZASP",1.66,638,0.0237051348740433,1.982616617628
"ARF6",1.65,639,0.0237422902578584,1.98195229162954
"EIF4B",1.65,640,0.0237794456416735,1.98128883917423
"H2AFX",1.65,641,0.0238166010254886,1.98062625767652
"IL17C",1.65,642,0.0238537564093037,1.97996454456256
"KRTAP3-1",1.65,643,0.0238909117931188,1.97930369727012
"MIR30C1",1.65,644,0.0239280671769339,1.97864371324855
"MIR320D2",1.65,645,0.0239652225607491,1.97798458995865
"MIR3649",1.65,646,0.0240023779445642,1.97732632487267
"MIR449B",1.65,647,0.0240395333283793,1.97666891547418
"MIR6852",1.65,648,0.0240766887121944,1.97601235925806
"MIR6861",1.65,649,0.0241138440960095,1.97535665373036
"MIR8073",1.65,650,0.0241509994798246,1.97470179640831
"MLPH",1.65,651,0.0241881548636397,1.9740477848202
"RPS18",1.65,652,0.0242253102474549,1.97339461650533
"RPS27A",1.65,653,0.02426246563127,1.97274228901395
"SLC7A5P2",1.65,654,0.0242996210150851,1.97209079990719
"SNORA1",1.65,655,0.0243367763989002,1.97144014675699
"SNORD26",1.65,656,0.0243739317827153,1.97079032714603
"TSSK4",1.65,657,0.0244110871665304,1.97014133866769
"ZBTB11-AS1",1.65,658,0.0244482425503455,1.96949317892597
"CCDC85B",1.64,659,0.0244853979341607,1.96884584553541
"CCNL1",1.64,660,0.0245225533179758,1.96819933612109
"EPPK1",1.64,661,0.0245597087017909,1.96755364831847
"LOC105369635",1.64,662,0.024596864085606,1.96690877977342
"LOC105376480",1.64,663,0.0246340194694211,1.96626472814211
"MAP3K12",1.64,664,0.0246711748532362,1.96562149109097
"MIR17",1.64,665,0.0247083302370513,1.96497906629659
"MIR199A2",1.64,666,0.0247454856208665,1.96433745144573
"MIR2114",1.64,667,0.0247826410046816,1.9636966442352
"MIR4766",1.64,668,0.0248197963884967,1.96305664237182
"MIR5581",1.64,669,0.0248569517723118,1.96241744357237
"MIR6798",1.64,670,0.0248941071561269,1.96177904556354
"ROPN1L-AS1",1.64,671,0.024931262539942,1.96114144608182
"TRA2B",1.64,672,0.0249684179237572,1.96050464287352
"WBP1",1.64,673,0.0250055733075723,1.95986863369466
"CDKN1B",1.63,674,0.0250427286913874,1.95923341631091
"FAM102A",1.63,675,0.0250798840752025,1.95859898849758
"HEXIM1",1.63,676,0.0251170394590176,1.95796534803952
"HIST3H2A",1.63,677,0.0251541948428327,1.95733249273108
"MIR194-2",1.63,678,0.0251913502266478,1.95670042037607
"MIR4422",1.63,679,0.025228505610463,1.95606912878768
"MIR4684",1.63,680,0.0252656609942781,1.95543861578843
"MIR4718",1.63,681,0.0253028163780932,1.95480887921014
"MIR4735",1.63,682,0.0253399717619083,1.95417991689385
"MIR5009",1.63,683,0.0253771271457234,1.95355172668979
"MIR939",1.63,684,0.0254142825295385,1.9529243064573
"PTRH2",1.63,685,0.0254514379133536,1.95229765406481
"RNF167",1.63,686,0.0254885932971688,1.95167176738975
"RRAGA",1.63,687,0.0255257486809839,1.95104664431854
"SNORA3A",1.63,688,0.025562904064799,1.95042228274651
"VMP1",1.63,689,0.0256000594486141,1.94979868057787
"BZW1",1.62,690,0.0256372148324292,1.94917583572563
"C1ORF56",1.62,691,0.0256743702162443,1.94855374611159
"IFT74-AS1",1.62,692,0.0257115256000594,1.94793240966624
"KRTAP19-7",1.62,693,0.0257486809838746,1.94731182432877
"LINC01003",1.62,694,0.0257858363676897,1.94669198804698
"LOC102724064",1.62,695,0.0258229917515048,1.94607289877724
"METTL12",1.62,696,0.0258601471353199,1.94545455448444
"MIR100",1.62,697,0.025897302519135,1.94483695314196
"MIR29B2",1.62,698,0.0259344579029501,1.94422009273159
"MIR3202-1",1.62,699,0.0259716132867653,1.94360397124353
"MIR3913-1",1.62,700,0.0260087686705804,1.94298858667629
"MIR3913-2",1.62,701,0.0260459240543955,1.94237393703668
"MIR4261",1.62,702,0.0260830794382106,1.94176002033974
"MIR4276",1.62,703,0.0261202348220257,1.94114683460873
"MIR4516",1.62,704,0.0261573902058408,1.94053437787505
"MIR4658",1.62,705,0.0261945455896559,1.93992264817819
"MIR548AG2",1.62,706,0.0262317009734711,1.93931164356573
"MIR5691",1.62,707,0.0262688563572862,1.93870136209324
"MIR6720",1.62,708,0.0263060117411013,1.93809180182429
"MIR8082",1.62,709,0.0263431671249164,1.93748296083034
"NANOS1",1.62,710,0.0263803225087315,1.93687483719078
"PLP2",1.62,711,0.0264174778925466,1.9362674289928
"SCARNA13",1.62,712,0.0264546332763617,1.93566073433143
"SERHL2",1.62,713,0.0264917886601769,1.93505475130941
"SNORA32",1.62,714,0.026528944043992,1.93444947803722
"TBCC",1.62,715,0.0265660994278071,1.93384491263302
"ARHGAP26-AS1",1.61,716,0.0266032548116222,1.93324105322258
"BGLAP",1.61,717,0.0266404101954373,1.93263789793926
"DAZAP2",1.61,718,0.0266775655792524,1.93203544492397
"ESR1",1.61,719,0.0267147209630676,1.93143369232513
"HIST1H3A",1.61,720,0.0267518763468827,1.93083263829861
"HNRNPA1P10",1.61,721,0.0267890317306978,1.93023228100772
"LOC100507564",1.61,722,0.0268261871145129,1.92963261862314
"MIR3202-2",1.61,723,0.026863342498328,1.92903364932292
"MIR4764",1.61,724,0.0269004978821431,1.92843537129237
"MIR5194",1.61,725,0.0269376532659582,1.9278377827241
"MIR6076",1.61,726,0.0269748086497734,1.92724088181795
"NET1",1.61,727,0.0270119640335885,1.9266446667809
"RBM4B",1.61,728,0.0270491194174036,1.92604913582714
"RPL24",1.61,729,0.0270862748012187,1.92545428717793
"RPL36A-HNRNPH2",1.61,730,0.0271234301850338,1.92486011906162
"RPS14",1.61,731,0.0271605855688489,1.92426662971357
"RPS9",1.61,732,0.027197740952664,1.92367381737617
"BTG1",1.6,733,0.0272348963364792,1.92308168029874
"COX20",1.6,734,0.0272720517202943,1.92249021673754
"CREBZF",1.6,735,0.0273092071041094,1.92189942495571
"ENO1",1.6,736,0.0273463624879245,1.92130930322323
"LOC644656",1.6,737,0.0273835178717396,1.92071984981692
"MIR1289-2",1.6,738,0.0274206732555547,1.92013106302034
"MIR16-2",1.6,739,0.0274578286393698,1.91954294112382
"MIR197",1.6,740,0.027494984023185,1.91895548242438
"MIR296",1.6,741,0.0275321394070001,1.91836868522571
"MIR3917",1.6,742,0.0275692947908152,1.91778254783813
"MIR548AJ2",1.6,743,0.0276064501746303,1.91719706857858
"NMD3",1.6,744,0.0276436055584454,1.91661224577055
"RBMX",1.6,745,0.0276807609422605,1.91602807774405
"RPL30",1.6,746,0.0277179163260756,1.91544456283561
"RPS6",1.6,747,0.0277550717098908,1.91486169938821
"BRDTP1",1.59,748,0.0277922270937059,1.91427948575125
"CSTB",1.59,749,0.027829382477521,1.91369792028054
"FUT8-AS1",1.59,750,0.0278665378613361,1.91311700133825
"GMNN",1.59,751,0.0279036932451512,1.91253672729287
"KDELR3",1.59,752,0.0279408486289663,1.91195709651919
"MIR4475",1.59,753,0.0279780040127815,1.91137810739826
"MIR4745",1.59,754,0.0280151593965966,1.91079975831737
"NQO1",1.59,755,0.0280523147804117,1.91022204767
"RPL12",1.59,756,0.0280894701642268,1.90964497385579
"RPS25",1.59,757,0.0281266255480419,1.90906853528053
"RPSA",1.59,758,0.028163780931857,1.90849273035611
"SFPQ",1.59,759,0.0282009363156721,1.90791755750047
"SNHG8",1.59,760,0.0282380916994873,1.90734301513762
"STAG3L5P",1.59,761,0.0282752470833024,1.90676910169757
"TMEM223",1.59,762,0.0283124024671175,1.90619581561629
"C1ORF194",1.58,763,0.0283495578509326,1.90562315533571
"FAM84B",1.58,764,0.0283867132347477,1.9050511193037
"HAMP",1.58,765,0.0284238686185628,1.90447970597398
"HSPB8",1.58,766,0.0284610240023779,1.90390891380614
"JUND",1.58,767,0.0284981793861931,1.90333874126561
"LINC01574",1.58,768,0.0285353347700082,1.90276918682361
"LOC100288846",1.58,769,0.0285724901538233,1.90220024895711
"MIR24-2",1.58,770,0.0286096455376384,1.90163192614885
"MIR4315-1",1.58,771,0.0286468009214535,1.90106421688725
"MIR4688",1.58,772,0.0286839563052686,1.90049711966644
"MIR4749",1.58,773,0.0287211116890837,1.89993063298619
"MIR586",1.58,774,0.0287582670728989,1.89936475535187
"MIR597",1.58,775,0.028795422456714,1.89879948527448
"MIR6806",1.58,776,0.0288325778405291,1.89823482127057
"NAT9",1.58,777,0.0288697332243442,1.89767076186224
"PDCL3P4",1.58,778,0.0289068886081593,1.89710730557708
"RPL32",1.58,779,0.0289440439919744,1.89654445094818
"SLC25A5",1.58,780,0.0289811993757896,1.8959821965141
"SNORA3B",1.58,781,0.0290183547596047,1.89542054081878
"SNORA40",1.58,782,0.0290555101434198,1.89485948241162
"SNORA79",1.58,783,0.0290926655272349,1.89429901984736
"SNORD132",1.58,784,0.02912982091105,1.8937391516861
"SRSF6",1.58,785,0.0291669762948651,1.89317987649325
"SYNCRIP",1.58,786,0.0292041316786802,1.89262119283952
"TFAP2C",1.58,787,0.0292412870624954,1.8920630993009
"TRAF4",1.58,788,0.0292784424463105,1.89150559445861
"ASB6",1.57,789,0.0293155978301256,1.89094867689909
"B3GNT4",1.57,790,0.0293527532139407,1.89039234521397
"HIST1H3J",1.57,791,0.0293899085977558,1.88983659800004
"HN1",1.57,792,0.0294270639815709,1.88928143385925
"HNRNPH3",1.57,793,0.029464219365386,1.88872685139864
"IGFBP4",1.57,794,0.0295013747492012,1.88817284923034
"LBHD1",1.57,795,0.0295385301330163,1.88761942597157
"LOC105370526",1.57,796,0.0295756855168314,1.88706658024456
"MIR101-1",1.57,797,0.0296128409006465,1.88651431067658
"MIR6068",1.57,798,0.0296499962844616,1.88596261589986
"MIR630",1.57,799,0.0296871516682767,1.88541149455162
"NCL",1.57,800,0.0297243070520918,1.88486094527401
"NHP2",1.57,801,0.029761462435907,1.88431096671411
"PHLDA2",1.57,802,0.0297986178197221,1.88376155752387
"RNU105C",1.57,803,0.0298357732035372,1.88321271636014
"RPS2",1.57,804,0.0298729285873523,1.88266444188458
"SNORA5A",1.57,805,0.0299100839711674,1.88211673276371
"SNORA70B",1.57,806,0.0299472393549825,1.88156958766881
"TMEM208",1.57,807,0.0299843947387977,1.88102300527598
"TUBA1B",1.57,808,0.0300215501226128,1.88047698426603
"WDR38",1.57,809,0.0300587055064279,1.87993152332452
"BRWD1-IT2",1.56,810,0.030095860890243,1.87938662114173
"EXOSC8",1.56,811,0.0301330162740581,1.8788422764126
"GADD45GIP1",1.56,812,0.0301701716578732,1.87829848783673
"H1F0",1.56,813,0.0302073270416883,1.87775525411839
"HMBS",1.56,814,0.0302444824255035,1.87721257396643
"HNRNPH1",1.56,815,0.0302816378093186,1.87667044609432
"LINC01046",1.56,816,0.0303187931931337,1.8761288692201
"MIR1183",1.56,817,0.0303559485769488,1.87558784206635
"MIR25",1.56,818,0.0303931039607639,1.87504736336018
"MIR301A",1.56,819,0.030430259344579,1.87450743183322
"MIR551B",1.56,820,0.0304674147283941,1.87396804622158
"MIR562",1.56,821,0.0305045701122093,1.87342920526583
"MIR579",1.56,822,0.0305417254960244,1.87289090771099
"NCRUPAR",1.56,823,0.0305788808798395,1.87235315230649
"PABPC1",1.56,824,0.0306160362636546,1.87181593780618
"PTGES3",1.56,825,0.0306531916474697,1.87127926296828
"RBM4",1.56,826,0.0306903470312848,1.87074312655538
"RPL7A",1.56,827,0.0307275024151,1.87020752733439
"SEMA3C",1.56,828,0.0307646577989151,1.86967246407655
"SERP1",1.56,829,0.0308018131827302,1.8691379355574
"SNORA65",1.56,830,0.0308389685665453,1.86860394055677
"SNORD135",1.56,831,0.0308761239503604,1.86807047785872
"TUBB",1.56,832,0.0309132793341755,1.86753754625157
"BRWD1-AS1",1.55,833,0.0309504347179906,1.86700514452785
"DLGAP1-AS1",1.55,834,0.0309875901018058,1.8664732714843
"HM13-AS1",1.55,835,0.0310247454856209,1.86594192592181
"HNRNPAB",1.55,836,0.031061900869436,1.86541110664546
"IGHV1OR15-1",1.55,837,0.0310990562532511,1.86488081246446
"KLF6",1.55,838,0.0311362116370662,1.86435104219214
"KRT8",1.55,839,0.0311733670208813,1.86382179464593
"KRTAP22-1",1.55,840,0.0312105224046964,1.86329306864735
"LINC00324",1.55,841,0.0312476777885116,1.86276486302196
"MIR3156-2",1.55,842,0.0312848331723267,1.8622371765994
"MIR4676",1.55,843,0.0313219885561418,1.8617100082133
"MIR576",1.55,844,0.0313591439399569,1.86118335670133
"MIR6732",1.55,845,0.031396299323772,1.86065722090513
"NAXE",1.55,846,0.0314334547075871,1.86013159967032
"RMND1",1.55,847,0.0314706100914022,1.85960649184645
"RPS15A",1.55,848,0.0315077654752174,1.85908189628703
"SLC7A5",1.55,849,0.0315449208590325,1.85855781184948
"SLC9A3R1",1.55,850,0.0315820762428476,1.8580342373951
"SMARCC2",1.55,851,0.0316192316266627,1.8575111717891
"SNORD100",1.55,852,0.0316563870104778,1.85698861390052
"SNORD94",1.55,853,0.0316935423942929,1.85646656260227
"EEF2",1.54,854,0.031730697778108,1.85594501677108
"EXOSC6",1.54,855,0.0317678531619232,1.85542397528747
"HIST1H2BM",1.54,856,0.0318050085457383,1.85490343703578
"HSPA5",1.54,857,0.0318421639295534,1.85438340090411
"LINC01589",1.54,858,0.0318793193133685,1.85386386578432
"MIR3173",1.54,859,0.0319164746971836,1.85334483057202
"MIR370",1.54,860,0.0319536300809987,1.85282629416651
"MIR4320",1.54,861,0.0319907854648139,1.85230825547084
"MIR4467",1.54,862,0.032027940848629,1.85179071339172
"MIR4668",1.54,863,0.0320650962324441,1.85127366683955
"MIR4794",1.54,864,0.0321022516162592,1.85075711472838
"MIR519D",1.54,865,0.0321394070000743,1.85024105597589
"PPP1R15B",1.54,866,0.0321765623838894,1.8497254895034
"PTOV1",1.54,867,0.0322137177677045,1.84921041423583
"RPL34",1.54,868,0.0322508731515197,1.84869582910169
"RPS13",1.54,869,0.0322880285353348,1.84818173303307
"SERHL",1.54,870,0.0323251839191499,1.8476681249656
"TET2",1.54,871,0.032362339302965,1.84715500383848
"TMEM265",1.54,872,0.0323994946867801,1.84664236859443
"UBXN7-AS1",1.54,873,0.0324366500705952,1.84613021817966
"WSB1",1.54,874,0.0324738054544103,1.84561855154389
"C1GALT1C1L",1.53,875,0.0325109608382255,1.84510736764034
"HSP90AB1",1.53,876,0.0325481162220406,1.84459666542566
"LOC105373031",1.53,877,0.0325852716058557,1.84408644385997
"MIR454",1.53,878,0.0326224269896708,1.84357670190681
"MIR6775",1.53,879,0.0326595823734859,1.84306743853316
"PNN",1.53,880,0.032696737757301,1.84255865270937
"RMRP",1.53,881,0.0327338931411161,1.84205034340921
"RPL35A",1.53,882,0.0327710485249313,1.84154250960981
"RSC1A1",1.53,883,0.0328082039087464,1.84103515029166
"S100A10",1.53,884,0.0328453592925615,1.84052826443858
"SF1",1.53,885,0.0328825146763766,1.84002185103774
"SNORA6",1.53,886,0.0329196700601917,1.83951590907962
"SNORD29",1.53,887,0.0329568254440068,1.83901043755798
"TAF1D",1.53,888,0.032993980827822,1.83850543546988
"WDR74",1.53,889,0.0330311362116371,1.83800090181565
"B4GALT1",1.52,890,0.0330682915954522,1.83749683559889
"CBX4",1.52,891,0.0331054469792673,1.8369932358264
"CYC1",1.52,892,0.0331426023630824,1.83649010150826
"ELP5",1.52,893,0.0331797577468975,1.83598743165772
"ERP29",1.52,894,0.0332169131307126,1.83548522529125
"KLF10",1.52,895,0.0332540685145278,1.8349834814285
"MIR1244-1",1.52,896,0.0332912238983429,1.8344821990923
"MIR3934",1.52,897,0.033328379282158,1.83398137730864
"MIR4297",1.52,898,0.0333655346659731,1.83348101510662
"MIR4755",1.52,899,0.0334026900497882,1.83298111151852
"MIR6782",1.52,900,0.0334398454336033,1.8324816655797
"MIR7-3",1.52,901,0.0334770008174184,1.83198267632864
"NDUFAF8",1.52,902,0.0335141562012336,1.83148414280691
"OR11H4",1.52,903,0.0335513115850487,1.83098606405915
"OR51I2",1.52,904,0.0335884669688638,1.83048843913306
"OR8D1",1.52,905,0.0336256223526789,1.8299912670794
"PARD6B",1.52,906,0.033662777736494,1.82949454695196
"RBM12B-AS1",1.52,907,0.0336999331203091,1.82899827780756
"RNF139",1.52,908,0.0337370885041242,1.82850245870602
"RPL39",1.52,909,0.0337742438879394,1.82800708871018
"RPLP1",1.52,910,0.0338113992717545,1.82751216688583
"SNHG7",1.52,911,0.0338485546555696,1.82701769230177
"TTC36",1.52,912,0.0338857100393847,1.82652366402973
"ZNF703",1.52,913,0.0339228654231998,1.8260300811444
"C21ORF2",1.51,914,0.0339600208070149,1.8255369427234
"DKFZP779M0652",1.51,915,0.03399717619083,1.82504424784728
"EFEMP2",1.51,916,0.0340343315746452,1.82455199559949
"JUP",1.51,917,0.0340714869584603,1.82406018506638
"LGALS8-AS1",1.51,918,0.0341086423422754,1.82356881533719
"LOC100101148",1.51,919,0.0341457977260905,1.82307788550401
"LOC101927817",1.51,920,0.0341829531099056,1.82258739466183
"LOC101928433",1.51,921,0.0342201084937207,1.82209734190845
"LOC148413",1.51,922,0.0342572638775359,1.82160772634453
"MED13L",1.51,923,0.034294419261351,1.82111854707353
"MINCR",1.51,924,0.0343315746451661,1.82062980320175
"MIR1205",1.51,925,0.0343687300289812,1.82014149383828
"MIR192",1.51,926,0.0344058854127963,1.81965361809498
"MIR3975",1.51,927,0.0344430407966114,1.81916617508651
"MIR4290",1.51,928,0.0344801961804265,1.81867916393028
"MIR4701",1.51,929,0.0345173515642417,1.81819258374647
"MIR6084",1.51,930,0.0345545069480568,1.81770643365799
"MIR6504",1.51,931,0.0345916623318719,1.81722071279047
"MKRN2OS",1.51,932,0.034628817715687,1.81673542027228
"NDUFA4L2",1.51,933,0.0346659730995021,1.81625055523449
"NOP14-AS1",1.51,934,0.0347031284833172,1.81576611681086
"PARD3-AS1",1.51,935,0.0347402838671323,1.81528210413783
"PDCD4",1.51,936,0.0347774392509475,1.81479851635454
"PIM1",1.51,937,0.0348145946347626,1.81431535260275
"RAN",1.51,938,0.0348517500185777,1.81383261202692
"RPL37A",1.51,939,0.0348889054023928,1.81335029377412
"RPS19",1.51,940,0.0349260607862079,1.81286839699404
"SDC4P",1.51,941,0.034963216170023,1.81238692083902
"SLFNL1",1.51,942,0.0350003715538382,1.81190586446399
"SLITRK6",1.51,943,0.0350375269376533,1.81142522702647
"SNORA50C",1.51,944,0.0350746823214684,1.81094500768659
"SNORD14E",1.51,945,0.0351118377052835,1.81046520560702
"SNORD84",1.51,946,0.0351489930890986,1.80998581995303
"TOMM6",1.51,947,0.0351861484729137,1.80950684989243
"TROAP",1.51,948,0.0352233038567288,1.80902829459556
"TSC22D2",1.51,949,0.035260459240544,1.80855015323531
"VN1R5",1.51,950,0.0352976146243591,1.8080724249871
"ARHGAP5-AS1",1.5,951,0.0353347700081742,1.80759510902884
"CXCR5",1.5,952,0.0353719253919893,1.80711820454095
"IRAIN",1.5,953,0.0354090807758044,1.80664171070635
"KMT2E-AS1",1.5,954,0.0354462361596195,1.80616562671044
"LOC105376271",1.5,955,0.0354833915434346,1.80568995174109
"LOC541473",1.5,956,0.0355205469272498,1.80521468498863
"MCM7",1.5,957,0.0355577023110649,1.80473982564583
"MIR1306",1.5,958,0.03559485769488,1.80426537290792
"MIR130B",1.5,959,0.0356320130786951,1.80379132597255
"MIR139",1.5,960,0.0356691684625102,1.80331768403981
"MIR1587",1.5,961,0.0357063238463253,1.80284444631217
"MIR199A1",1.5,962,0.0357434792301404,1.80237161199453
"MIR212",1.5,963,0.0357806346139556,1.80189918029417
"MIR378G",1.5,964,0.0358177899977707,1.80142715042076
"MIR4468",1.5,965,0.0358549453815858,1.80095552158632
"MIR4673",1.5,966,0.0358921007654009,1.80048429300527
"MIR4689",1.5,967,0.035929256149216,1.80001346389435
"MIR4691",1.5,968,0.0359664115330311,1.79954303347267
"MIR4747",1.5,969,0.0360035669168463,1.79907300096165
"MIR4751",1.5,970,0.0360407223006614,1.79860336558507
"MIR4767",1.5,971,0.0360778776844765,1.79813412656899
"MIR4770",1.5,972,0.0361150330682916,1.79766528314179
"MIR548AG1",1.5,973,0.0361521884521067,1.79719683453416
"MIR548F1",1.5,974,0.0361893438359218,1.79672877997905
"MIR6823",1.5,975,0.0362264992197369,1.79626111871173
"MIR6845",1.5,976,0.0362636546035521,1.79579384996971
"MIR6865",1.5,977,0.0363008099873672,1.79532697299276
"MIR8072",1.5,978,0.0363379653711823,1.79486048702292
"NUCKS1",1.5,979,0.0363751207549974,1.79439439130445
"OR2T12",1.5,980,0.0364122761388125,1.79392868508387
"PHYKPL",1.5,981,0.0364494315226276,1.79346336760991
"REC8",1.5,982,0.0364865869064427,1.79299843813351
"RFC4",1.5,983,0.0365237422902579,1.79253389590784
"RPL31",1.5,984,0.036560897674073,1.79206974018825
"RPS27L",1.5,985,0.0365980530578881,1.79160597023228
"RRNAD1",1.5,986,0.0366352084417032,1.79114258529966
"SNORD114-17",1.5,987,0.0366723638255183,1.79067958465228
"SNORD115-40",1.5,988,0.0367095192093334,1.79021696755423
"SNORD2",1.5,989,0.0367466745931485,1.7897547332717
"SNORD50B",1.5,990,0.0367838299769637,1.78929288107307
"TMEM75",1.5,991,0.0368209853607788,1.78883141022884
"TMPO",1.5,992,0.0368581407445939,1.78837032001165
"TOP1P2",1.5,993,0.036895296128409,1.78790960969626
"TUFM",1.5,994,0.0369324515122241,1.78744927855953
"VTRNA1-3",1.5,995,0.0369696068960392,1.78698932588044
"ZNF276",1.5,996,0.0370067622798544,1.78652975094007
"ANP32B",1.49,997,0.0370439176636695,1.78607055302158
"DPM2",1.49,998,0.0370810730474846,1.7856117314102
"FTH1",1.49,999,0.0371182284312997,1.78515328539326
"HMGN1",1.49,1000,0.0371553838151148,1.78469521426013
