"gene","top1cc_density","top1cc_rank","top1cc_empirical_p","top1cc_z"
"RNA18S5",27.63,1,3.71553838151148e-05,3.96204423605616
"RNA5-8S5",11.4,2,7.43107676302296e-05,3.79336151245513
"RNA45S5",11.21,3,0.000111466151445344,3.69150352912403
"HIST2H4A",6.93,4,0.000148621535260459,3.61769090831839
"RNA5S12",6.77,5,0.000185776919075574,3.55950543936521
"HIST2H2AA3",6.52,6,0.000222932302890689,3.51133353521897
"RNA5S5",6.5,7,0.000260087686705804,3.47014608025715
"HIST2H2AC",5.96,8,0.000297243070520918,3.43411763524301
"LOC100507412",5.66,9,0.000334398454336033,3.40206107084356
"RNVU1-7",4.45,10,0.000371553838151148,3.37315996399904
"HIST2H2AB",4.35,11,0.000408709221966263,3.34682822906588
"MIR21",4.3,12,0.000445864605781378,3.32263058774533
"TOP1P1",3.96,13,0.000483019989596493,3.30023471300384
"HIST2H2BC",3.78,14,0.000520175373411607,3.27938100383288
"MIR4737",3.76,15,0.000557330757226722,3.25986271954274
"EGR1",3.75,16,0.000594486141041837,3.24151247964521
"HIST1H3B",3.7,17,0.000631641524856952,3.22419282528615
"RNU4-2",3.58,18,0.000668796908672067,3.20778945683908
"RNU2-1",3.53,19,0.000705952292487181,3.19220628453488
"MIR3648-1",3.44,20,0.000743107676302296,3.17736173757108
"ACTB",3.43,21,0.000780263060117411,3.16318596566212
"MASCRNA",3.33,22,0.000817418443932526,3.1496186855998
"JUNB",3.29,23,0.000854573827747641,3.13660750198486
"HIST2H3D",3.24,24,0.000891729211562755,3.12410658191011
"MIR3687-1",3.24,25,0.00092888459537787,3.11207559753676
"HIST2H3A",3.2,26,0.000966039979192985,3.10047887399428
"RNU1-1",3.18,27,0.0010031953630081,3.08928469646595
"HES1",3.13,28,0.00104035074682321,3.07846474199566
"LOC606724",3.12,29,0.00107750613063833,3.06799360996439
"FOS",3.07,30,0.00111466151445344,3.05784843132767
"MIR6724-2",3.06,31,0.00115181689826856,3.04800854124529
"UBC",3.05,32,0.00118897228208367,3.03845520312719
"MIR6859-1",3.03,33,0.00122612766589879,3.02917137468249
"HIST1H2AJ",3,34,0.0012632830497139,3.02014150851148
"HIST1H1E",2.99,35,0.00130043843352902,3.0113513812843
"RNVU1-6",2.95,36,0.00133759381734413,3.00278794671615
"RNA28S5",2.94,37,0.00137474920115925,2.99443920846105
"RNVU1-14",2.93,38,0.00141190458497436,2.9862941097652
"MIR6724-1",2.92,39,0.00144905996878948,2.97834243729091
"RNU4-1",2.91,40,0.00148621535260459,2.97057473697791
"HIST1H2AI",2.84,41,0.00152337073641971,2.96298224017436
"SNORD78",2.84,42,0.00156052612023482,2.95555679856664
"LINC01523",2.77,43,0.00159768150404994,2.94829082667663
"HIST1H1D",2.74,44,0.00163483688786505,2.9411772508924
"USP17L11",2.73,45,0.00167199227168017,2.93420946415946
"HIST1H1B",2.72,46,0.00170914765549528,2.92738128559308
"MIR8075",2.71,47,0.0017463030393104,2.92068692438247
"LOC100131496",2.68,48,0.00178345842312551,2.91412094745007
"LOC221946",2.68,49,0.00182061380694063,2.90767825040526
"BMP7-AS1",2.65,50,0.00185776919075574,2.90135403139755
"HIST1H1C",2.63,51,0.00189492457457086,2.8951437675275
"TALAM1",2.61,52,0.00193207995838597,2.8890431935206
"HIST2H2BE",2.58,53,0.00196923534220108,2.88304828240773
"MIR3680-1",2.58,54,0.0020063907260162,2.87715522798947
"SNORD68",2.57,55,0.00204354610983131,2.87136042888967
"USP17L6P",2.57,56,0.00208070149364643,2.86566047402824
"HIST1H2AG",2.56,57,0.00211785687746154,2.86005212936388
"JUN",2.52,58,0.00215501226127666,2.85453232577537
"MIR106B",2.52,59,0.00219216764509177,2.84909814796616
"MIR4792",2.5,60,0.00222932302890689,2.84374682428969
"MIR1206",2.48,61,0.002266478412722,2.83847571740527
"ID1",2.47,62,0.00230363379653712,2.83328231568425
"MIR3193",2.47,63,0.00234078918035223,2.82816422529513
"ACTG1",2.43,64,0.00237794456416735,2.82311916290408
"HIST1H4K",2.43,65,0.00241509994798246,2.81814494893436
"MIR6770-1",2.42,66,0.00245225533179758,2.81323950133368
"MIR298",2.41,67,0.00248941071561269,2.8084008298044
"RNU5A-1",2.4,68,0.00252656609942781,2.80362703045569
"IER5",2.39,69,0.00256372148324292,2.79891628084111
"HIST1H2AD",2.36,70,0.00260087686705804,2.79426683534871
"BMP7",2.35,71,0.00263803225087315,2.78967702091386
"MALAT1",2.35,72,0.00267518763468827,2.78514523302812
"MIR1178",2.34,73,0.00271234301850338,2.78066993201978
"MIR4701",2.34,74,0.0027494984023185,2.77624963958431
"MIR6751",2.34,75,0.00278665378613361,2.7718829355445
"USP17L22",2.34,76,0.00282380916994873,2.76756845482255
"CA4",2.33,77,0.00286096455376384,2.76330488460743
"HIST1H4H",2.33,78,0.00289811993757896,2.7590909617027
"ZFP36",2.33,79,0.00293527532139407,2.75492547004098
"MIR146B",2.32,80,0.00297243070520918,2.75080723835281
"SNORA50C",2.32,81,0.0030095860890243,2.74673513797832
"MIR1226",2.31,82,0.00304674147283941,2.74270808081154
"HIST1H4J",2.3,83,0.00308389685665453,2.73872501736748
"MIR4521",2.3,84,0.00312105224046964,2.73478493496364
"MIR6777",2.3,85,0.00315820762428476,2.73088685600757
"RNA5S11",2.3,86,0.00319536300809987,2.72702983638334
"SNORD23",2.3,87,0.00323251839191499,2.72321296392996
"SNORD3B-1",2.3,88,0.0032696737757301,2.71943535700575
"HIST1H2AM",2.29,89,0.00330682915954522,2.71569616313256
"JUND",2.29,90,0.00334398454336033,2.7119945577149
"MIR6827",2.29,91,0.00338113992717545,2.70832974282878
"MIR8083",2.29,92,0.00341829531099056,2.70470094607593
"SNORD15A",2.29,93,0.00345545069480568,2.70110741949906
"USP17L9P",2.28,94,0.00349260607862079,2.69754843855443
"RNA5S9",2.26,95,0.00352976146243591,2.69402330113799
"RPL13",2.26,96,0.00356691684625102,2.69053132666188
"TUBD1",2.26,97,0.00360407223006614,2.6870718551781
"USP17L15",2.26,98,0.00364122761388125,2.68364424654651
"MIR345",2.25,99,0.00367838299769637,2.68024787964457
"MIR7-1",2.25,100,0.00371553838151148,2.67688215161613
"SNAR-A10",2.25,101,0.0037526937653266,2.67354647715722
"SULF2",2.25,102,0.00378984914914171,2.67024028783646
"USP17L17",2.25,103,0.00382700453295683,2.66696303144821
"MIR25",2.24,104,0.00386415991677194,2.66371417139655
"MIR4261",2.24,105,0.00390131530058706,2.66049318610828
"NEAT1",2.24,106,0.00393847068440217,2.65729956847347
"SNORD135",2.24,107,0.00397562606821728,2.65413282531178
"USP17L24",2.24,108,0.0040127814520324,2.65099247686341
"MIR4722",2.22,109,0.00404993683584751,2.64787805630303
"MIR5093",2.21,110,0.00408709221966263,2.64478910927575
"MIR570",2.21,111,0.00412424760347774,2.64172519345372
"NACA2",2.21,112,0.00416140298729286,2.63868587811235
"XBP1",2.21,113,0.00419855837110797,2.63567074372509
"LOC101927377",2.2,114,0.00423571375492309,2.63267938157588
"MIR3143",2.2,115,0.0042728691387382,2.62971139338823
"SULT1A3",2.2,116,0.00431002452255332,2.62676639097014
"MIR4252",2.19,117,0.00434717990636843,2.62384399587408
"MIR770",2.19,118,0.00438433529018355,2.62094383907122
"PRMT6",2.19,119,0.00442149067399866,2.61806556063922
"ZNF217",2.19,120,0.00445864605781378,2.61520880946287
"LINC01999",2.17,121,0.00449580144162889,2.61237324294705
"MIR4499",2.17,122,0.00453295682544401,2.6095585267413
"MIR503",2.17,123,0.00457011220925912,2.60676433447541
"HIST1H3G",2.16,124,0.00460726759307424,2.60399034750571
"REXO1L2P",2.16,125,0.00464442297688935,2.60123625467127
"ZMYND8",2.16,126,0.00468157836070447,2.59850175205976
"SNAR-A12",2.14,127,0.00471873374451958,2.59578654278239
"RNU5F-1",2.13,128,0.0047558891283347,2.59309033675758
"SNORA103",2.13,129,0.00479304451214981,2.59041285050292
"LINC00494",2.12,130,0.00483019989596492,2.58775380693507
"LOC102724034",2.11,131,0.00486735527978004,2.58511293517716
"SNORA73A",2.11,132,0.00490451066359516,2.58248997037347
"CYP24A1",2.1,133,0.00494166604741027,2.57988465351099
"MIR192",2.1,134,0.00497882143122538,2.57729673124755
"MIR6826",2.1,135,0.0050159768150405,2.57472595574628
"HIST1H2BJ",2.09,136,0.00505313219885561,2.57217208451605
"MIR3656",2.09,137,0.00509028758267073,2.5696348802577
"MIR410",2.09,138,0.00512744296648584,2.56711411071582
"MIR4488",2.09,139,0.00516459835030096,2.56460954853571
"SNORD12B",2.09,140,0.00520175373411607,2.56212097112546
"TBC1D3P1-DHX40P1",2.09,141,0.00523890911793119,2.55964816052287
"BCYRN1",2.08,142,0.0052760645017463,2.55719090326703
"FAM83A-AS1",2.08,143,0.00531321988556142,2.5547489902742
"HIST1H4B",2.08,144,0.00535037526937653,2.55232221671815
"LINC01522",2.08,145,0.00538753065319165,2.54991038191447
"MIR6832",2.08,146,0.00542468603700676,2.54751328920878
"LOC105371849",2.07,147,0.00546184142082188,2.54513074586876
"MIR1825",2.07,148,0.00549899680463699,2.54276256297981
"MIR4322",2.06,149,0.00553615218845211,2.54040855534402
"STC2",2.06,150,0.00557330757226722,2.53806854138273
"APRT",2.05,151,0.00561046295608234,2.53574234304197
"MIR4429",2.05,152,0.00564761833989745,2.53342978570126
"MIR6075",2.05,153,0.00568477372371257,2.53113069808516
"SNORD15B",2.05,154,0.00572192910752768,2.52884491217777
"SNORD60",2.05,155,0.0057590844913428,2.52657226313991
"LOC101927755",2.04,156,0.00579623987515791,2.52431258922891
"MCL1",2.04,157,0.00583339525897303,2.522065731721
"MIR6797",2.04,158,0.00587055064278814,2.51983153483603
"TEX14",2.04,159,0.00590770602660325,2.51760984566461
"FOXA1",2.03,160,0.00594486141041837,2.51540051409745
"HIST1H3H",2.03,161,0.00598201679423348,2.51320339275691
"SNORD83A",2.03,162,0.0060191721780486,2.51101833693058
"TBX4",2.03,163,0.00605632756186371,2.50884520450696
"TRIM37",2.03,164,0.00609348294567883,2.50668385591299
"C17ORF64",2.02,165,0.00613063832949394,2.50453415405351
"HIST1H4E",2.02,166,0.00616779371330906,2.5023959642525
"KRTAP22-1",2.02,167,0.00620494909712417,2.50026915419607
"NCOA3",2.02,168,0.00624210448093929,2.49815359387709
"NPIPB13",2.02,169,0.0062792598647544,2.49604915554151
"LOC101927855",2.01,170,0.00631641524856952,2.49395571363618
"MIR1273A",2.01,171,0.00635357063238463,2.49187314475816
"MIR3184",2.01,172,0.00639072601619975,2.4898013276056
"MIR4530",2.01,173,0.00642788140001486,2.48774014292987
"PARD6B",2.01,174,0.00646503678382998,2.48568947348917
"PREX1",2.01,175,0.00650219216764509,2.48364920400339
"PRR20A",2.01,176,0.00653934755146021,2.48161922111026
"SNORD114-5",2.01,177,0.00657650293527532,2.47959941332269
"SNORD34",2.01,178,0.00661365831909044,2.47758967098736
"POU5F1B",2,179,0.00665081370290555,2.47558988624438
"SNORD81",2,180,0.00668796908672067,2.47359995298809
"MIR4692",1.99,181,0.00672512447053578,2.47161976682897
"RNA5S10",1.99,182,0.0067622798543509,2.46964922505648
"SNHG25",1.99,183,0.00679943523816601,2.46768822660301
"SNORA22",1.99,184,0.00683659062198113,2.46573667200876
"LOC100190986",1.98,185,0.00687374600579624,2.46379446338752
"MIR1202",1.98,186,0.00691090138961136,2.46186150439341
"MIR3150A",1.98,187,0.00694805677342647,2.45993770018848
"MIR3150B",1.98,188,0.00698521215724158,2.45802295741114
"MIR423",1.98,189,0.0070223675410567,2.45611718414548
"MIR4789",1.98,190,0.00705952292487181,2.45422028989128
"MIR6734",1.98,191,0.00709667830868693,2.45233218553491
"MIR6769B",1.98,192,0.00713383369250204,2.4504527833209
"MIR6881",1.98,193,0.00717098907631716,2.44858199682429
"MIR7843",1.98,194,0.00720814446013227,2.44671974092363
"MIR7973-1",1.98,195,0.00724529984394739,2.44486593177469
"MYC",1.98,196,0.0072824552277625,2.44302048678485
"SNORA59A",1.98,197,0.00731961061157762,2.44118332458812
"GOLGA6D",1.97,198,0.00735676599539273,2.43935436502078
"LOC105372672",1.97,199,0.00739392137920785,2.43753352909759
"MIR1299",1.97,200,0.00743107676302296,2.43572073898865
"MIR4297",1.97,201,0.00746823214683808,2.4339159179968
"MIR484",1.97,202,0.00750538753065319,2.43211899053558
"MIR485",1.97,203,0.00754254291446831,2.43032988210766
"MIR6815",1.97,204,0.00757969829828342,2.42854851928394
"PPIAL4C",1.97,205,0.00761685368209854,2.42677482968297
"RPS6KB1",1.97,206,0.00765400906591365,2.42500874195104
"TFF1",1.97,207,0.00769116444972877,2.42325018574259
"MIR1205",1.96,208,0.00772831983354388,2.42149909170121
"MIR1248",1.96,209,0.007765475217359,2.41975539144098
"MIR7973-2",1.96,210,0.00780263060117411,2.41801901752839
"PPIAL4G",1.96,211,0.00783978598498923,2.41628990346447
"USP17L12",1.96,212,0.00787694136880434,2.4145679836676
"GOLGA6A",1.95,213,0.00791409675261946,2.41285319345646
"MIR3064",1.95,214,0.00795125213643457,2.41114546903359
"MIR6757",1.95,215,0.00798840752024968,2.40944474746915
"NPIPB5",1.95,216,0.0080255629040648,2.40775096668521
"ADAMTSL4-AS1",1.94,217,0.00806271828787991,2.40606406544024
"BOLA2",1.94,218,0.00809987367169503,2.4043839833141
"FOSB",1.94,219,0.00813702905551014,2.40271066069328
"HIST1H2AE",1.94,220,0.00817418443932526,2.40104403875645
"NDUFB10",1.94,221,0.00821133982314037,2.39938405946041
"NPIPB3",1.94,222,0.00824849520695549,2.39773066552633
"RNFT1",1.94,223,0.0082856505907706,2.39608380042625
"SNORD83B",1.94,224,0.00832280597458572,2.3944434083699
"FAM231A",1.93,225,0.00835996135840083,2.39280943429185
"MIR4448",1.93,226,0.00839711674221595,2.39118182383887
"MIR4496",1.93,227,0.00843427212603106,2.38956052335766
"MIR5703",1.93,228,0.00847142750984618,2.38794547988271
"MIR6835",1.93,229,0.00850858289366129,2.38633664112455
"MIR7111",1.93,230,0.00854573827747641,2.38473395545818
"MIR8085",1.93,231,0.00858289366129152,2.38313737191178
"PPM1D",1.93,232,0.00862004904510664,2.38154684015565
"RNU4ATAC",1.93,233,0.00865720442892175,2.37996231049138
"TBX2",1.93,234,0.00869435981273687,2.37838373384122
"TRIB1",1.93,235,0.00873151519655198,2.37681106173776
"GOLGA6B",1.92,236,0.0087686705803671,2.37524424631372
"PLCG1-AS1",1.92,237,0.00880582596418221,2.37368324029204
"SNORA28",1.92,238,0.00884298134799733,2.37212799697609
"DCLRE1B",1.91,239,0.00888013673181244,2.3705784702402
"HIPK1-AS1",1.91,240,0.00891729211562755,2.36903461452024
"HIST1H2AH",1.91,241,0.00895444749944267,2.36749638480451
"HIST1H2AL",1.91,242,0.00899160288325778,2.36596373662477
"MIR149",1.91,243,0.0090287582670729,2.36443662604743
"MIR4649",1.91,244,0.00906591365088801,2.362915009665
"SNORA57",1.91,245,0.00910306903470313,2.36139884458758
"SNORD88B",1.91,246,0.00914022441851824,2.35988808843465
"WFDC21P",1.91,247,0.00917737980233336,2.35838269932693
"DOK5",1.9,248,0.00921453518614847,2.3568826358785
"IER2",1.9,249,0.00925169056996359,2.35538785718895
"MIR4520-2",1.9,250,0.0092888459537787,2.3538983228358
"MIR4523",1.9,251,0.00932600133759382,2.352413992867
"MIR614",1.9,252,0.00936315672140893,2.35093482779362
"RNVU1-19",1.9,253,0.00940031210522405,2.34946078858263
"RNVU1-3",1.9,254,0.00943746748903916,2.34799183664987
"HIST1H4C",1.89,255,0.00947462287285428,2.34652793385313
"MIR3670-1",1.89,256,0.00951177825666939,2.34506904248538
"MIR4779",1.89,257,0.00954893364048451,2.34361512526811
"MIR604",1.89,258,0.00958608902429962,2.34216614534483
"NBPF14",1.89,259,0.00962324440811474,2.34072206627463
"SNORD118",1.89,260,0.00966039979192985,2.33928285202594
"BOLA2-SMG1P6",1.88,261,0.00969755517574497,2.33784846697035
"HEATR6",1.88,262,0.00973471055956008,2.3364188758766
"MIR4265",1.88,263,0.0097718659433752,2.3349940439046
"MIR4270",1.88,264,0.00980902132719031,2.33357393659966
"MIR5092",1.88,265,0.00984617671100542,2.33215851988673
"PPP1CA",1.88,266,0.00988333209482054,2.33074776006487
"SCARNA18B",1.88,267,0.00992048747863565,2.32934162380167
"SLX1A-SULT1A3",1.88,268,0.00995764286245077,2.32794007812788
"USP32",1.88,269,0.00999479824626588,2.32654309043216
"COPS6",1.87,270,0.010031953630081,2.32515062845579
"LINC00994",1.87,271,0.0100691090138961,2.32376266028761
"MIR1324",1.87,272,0.0101062643977112,2.322379154359
"NRAS",1.87,273,0.0101434197815263,2.32100007943895
"OR4F16",1.87,274,0.0101805751653415,2.31962540462923
"PSMD6",1.87,275,0.0102177305491566,2.31825509935961
"RNA5S1",1.87,276,0.0102548859329717,2.31688913338325
"SNORD114-3",1.87,277,0.0102920413167868,2.31552747677205
"SNORD88C",1.87,278,0.0103291967006019,2.31417009991221
"ADAMTS9",1.86,279,0.010366352084417,2.31281697349977
"DUSP1",1.86,280,0.0104035074682321,2.31146806853628
"GAGE12C",1.86,281,0.0104406628520473,2.31012335632452
"GAGE12D",1.86,282,0.0104778182358624,2.30878280846434
"MIR152",1.86,283,0.0105149736196775,2.3074463968485
"MIR3118-2",1.86,284,0.0105521290034926,2.30611409365864
"MIR4467",1.86,285,0.0105892843873077,2.30478587136129
"MIR589",1.86,286,0.0106264397711228,2.30346170270401
"MIR630",1.86,287,0.010663595154938,2.30214156071146
"NBPF20",1.86,288,0.0107007505387531,2.3008254186817
"NPIPB4",1.86,289,0.0107379059225682,2.29951325018244
"PPIAL4D",1.86,290,0.0107750613063833,2.29820502904739
"USP17L13",1.86,291,0.0108122166901984,2.29690072937271
"BCAS1",1.85,292,0.0108493720740135,2.29560032551342
"DSCAM-AS1",1.85,293,0.0108865274578286,2.29430379207998
"FAM138A",1.85,294,0.0109236828416438,2.29301110393488
"MIR1306",1.85,295,0.0109608382254589,2.29172223618926
"MIR5708",1.85,296,0.010997993609274,2.29043716419963
"RAD51C",1.85,297,0.0110351489930891,2.28915586356463
"SNORA11",1.85,298,0.0110723043769042,2.28787831012184
"SNORA80B",1.85,299,0.0111094597607193,2.28660447994463
"GAGE12B",1.84,300,0.0111466151445344,2.2853343493391
"LOC105371328",1.84,301,0.0111837705283496,2.28406789484102
"MIR3164",1.84,302,0.0112209259121647,2.28280509321288
"MIR3185",1.84,303,0.0112580812959798,2.28154592144092
"MIR425",1.84,304,0.0112952366797949,2.28029035673225
"MIR4268",1.84,305,0.01133239206361,2.27903837651203
"MIR4316",1.84,306,0.0113695474474251,2.27778995842064
"MIR4457",1.84,307,0.0114067028312402,2.27654508031097
"MIR4512",1.84,308,0.0114438582150554,2.27530372024567
"MIR4520-1",1.84,309,0.0114810135988705,2.2740658564945
"MIR6731",1.84,310,0.0115181689826856,2.27283146753176
"MIR6764",1.84,311,0.0115553243665007,2.27160053203361
"MIR7702",1.84,312,0.0115924797503158,2.27037302887563
"SIKE1",1.84,313,0.0116296351341309,2.26914893713025
"SNORA4",1.84,314,0.011666790517946,2.26792823606434
"SNORD12C",1.84,315,0.0117039459017612,2.26671090513674
"GAGE2A",1.83,316,0.0117411012855763,2.26549692399593
"GAGE2B",1.83,317,0.0117782566693914,2.26428627247765
"GAGE2C",1.83,318,0.0118154120532065,2.26307893060257
"MIR191",1.83,319,0.0118525674370216,2.26187487857408
"MIR6811",1.83,320,0.0118897228208367,2.26067409677599
"MYL12A",1.83,321,0.0119268782046519,2.25947656577036
"NPIPB9",1.83,322,0.011964033588467,2.2582822662953
"PRICKLE2",1.83,323,0.0120011889722821,2.25709117926286
"RNASE12",1.83,324,0.0120383443560972,2.25590328575691
"SNAR-A1",1.83,325,0.0120754997399123,2.25471856703106
"UPK3BL",1.83,326,0.0121126551237274,2.25353700450663
"C1ORF56",1.82,327,0.0121498105075425,2.25235857977065
"IER3",1.82,328,0.0121869658913577,2.25118327457384
"METTL12",1.82,329,0.0122241212751728,2.25001107082869
"MIR296",1.82,330,0.0122612766589879,2.24884195060754
"MIR4267",1.82,331,0.012298432042803,2.24767589614064
"MIR635",1.82,332,0.0123355874266181,2.24651288981436
"OPN1MW2",1.82,333,0.0123727428104332,2.24535291416929
"RNVU1-8",1.82,334,0.0124098981942483,2.24419595189843
"SNORA7B",1.82,335,0.0124470535780635,2.24304198584547
"SNORD121B",1.82,336,0.0124842089618786,2.24189099900294
"GABPB1-AS1",1.81,337,0.0125213643456937,2.24074297451056
"HIST1H2AB",1.81,338,0.0125585197295088,2.23959789565347
"HSPB1",1.81,339,0.0125956751133239,2.23845574586059
"LINC00884",1.81,340,0.012632830497139,2.23731650870292
"LOC105376271",1.81,341,0.0126699858809541,2.23618016789197
"MIR27A",1.81,342,0.0127071412647693,2.23504670727807
"MIR4668",1.81,343,0.0127442966485844,2.23391611084886
"MIR4674",1.81,344,0.0127814520323995,2.23278836272765
"MIR518B",1.81,345,0.0128186074162146,2.23166344717193
"MIR93",1.81,346,0.0128557628000297,2.23054134857186
"NBPF10",1.81,347,0.0128929181838448,2.22942205144871
"SNORA81",1.81,348,0.01293007356766,2.22830554045342
"SPDYE2",1.81,349,0.0129672289514751,2.22719180036517
"TOP1",1.81,350,0.0130043843352902,2.22608081608989
"APPBP2",1.8,351,0.0130415397191053,2.22497257265888
"GOLGA6C",1.8,352,0.0130786951029204,2.22386705522738
"HIST1H2BI",1.8,353,0.0131158504867355,2.22276424907324
"LOC390705",1.8,354,0.0131530058705506,2.22166413959553
"MIR4276",1.8,355,0.0131901612543658,2.2205667123132
"MIR4419B",1.8,356,0.0132273166381809,2.21947195286378
"OR2A1",1.8,357,0.013264472021996,2.21837984700206
"PRICKLE2-AS1",1.8,358,0.0133016274058111,2.2172903805988
"SNORD105",1.8,359,0.0133387827896262,2.2162035396395
"TMEM75",1.8,360,0.0133759381734413,2.21511931022309
"TRMT12",1.8,361,0.0134130935572564,2.21403767856078
"ADAMTS9-AS1",1.79,362,0.0134502489410716,2.21295863097474
"CLDN4",1.79,363,0.0134874043248867,2.21188215389701
"LOC388242",1.79,364,0.0135245597087018,2.21080823386824
"OLFML3",1.79,365,0.0135617150925169,2.20973685753656
"POLR2J2",1.79,366,0.013598870476332,2.20866801165639
"RNA5S2",1.79,367,0.0136360258601471,2.20760168308738
"RNU12",1.79,368,0.0136731812439623,2.20653785879319
"SNORD103A",1.79,369,0.0137103366277774,2.20547652584048
"SNORD104",1.79,370,0.0137474920115925,2.20441767139773
"BCL2L15",1.78,371,0.0137846473954076,2.20336128273427
"HIST1H2BN",1.78,372,0.0138218027792227,2.20230734721909
"MIR1229",1.78,373,0.0138589581630378,2.2012558523199
"MIR3121",1.78,374,0.0138961135468529,2.20020678560204
"MIR330",1.78,375,0.0139332689306681,2.19916013472749
"MIR6793",1.78,376,0.0139704243144832,2.19811588745382
"SNHG19",1.78,377,0.0140075796982983,2.19707403163324
"SNORA13",1.78,378,0.0140447350821134,2.19603455521159
"SNORA5C",1.78,379,0.0140818904659285,2.19499744622739
"SNORD49B",1.78,380,0.0141190458497436,2.19396269281088
"SNORD75",1.78,381,0.0141562012335587,2.19293028318307
"SNORD77",1.78,382,0.0141933566173739,2.19190020565481
"AP4B1",1.77,383,0.014230512001189,2.19087244862586
"BCAS2",1.77,384,0.0142676673850041,2.18984700058402
"CCND1",1.77,385,0.0143048227688192,2.18882385010418
"LINC01686",1.77,386,0.0143419781526343,2.18780298584749
"MIR150",1.77,387,0.0143791335364494,2.18678439656044
"MIR375",1.77,388,0.0144162889202645,2.18576807107404
"MIR4729",1.77,389,0.0144534443040797,2.18475399830292
"MIR4774",1.77,390,0.0144905996878948,2.18374216724453
"MIR548W",1.77,391,0.0145277550717099,2.18273256697831
"RNU5B-1",1.77,392,0.014564910455525,2.18172518666484
"RNU5D-1",1.77,393,0.0146020658393401,2.18072001554504
"GNG3",1.76,394,0.0146392212231552,2.17971704293939
"GSTM1",1.76,395,0.0146763766069704,2.17871625824714
"JMJD1C-AS1",1.76,396,0.0147135319907855,2.17771765094549
"MIR141",1.76,397,0.0147506873746006,2.17672121058888
"MIR2110",1.76,398,0.0147878427584157,2.17572692680819
"MIR4691",1.76,399,0.0148249981422308,2.17473478930998
"NHP2",1.76,400,0.0148621535260459,2.17374478787579
"OPN1MW",1.76,401,0.014899308909861,2.17275691236138
"POLR2J3",1.76,402,0.0149364642936762,2.171771152696
"ADAMTS9-AS2",1.75,403,0.0149736196774913,2.1707874988817
"GATA3",1.75,404,0.0150107750613064,2.1698059409926
"HIST1H4F",1.75,405,0.0150479304451215,2.16882646917421
"MIR3681",1.75,406,0.0150850858289366,2.16784907364273
"MIR6756",1.75,407,0.0151222412127517,2.16687374468437
"NPIPB15",1.75,408,0.0151593965965668,2.16590047265469
"OPN1MW3",1.75,409,0.015196551980382,2.16492924797793
"SNORD70",1.75,410,0.0152337073641971,2.16396006114632
"TBX2-AS1",1.75,411,0.0152708627480122,2.1629929027195
"TRAF4",1.75,412,0.0153080181318273,2.16202776332382
"EGR3",1.74,413,0.0153451735156424,2.16106463365173
"FAM84B",1.74,414,0.0153823288994575,2.16010350446116
"HP",1.74,415,0.0154194842832726,2.15914436657489
"KRTAP5-8",1.74,416,0.0154566396670878,2.15818721087993
"LOC100507670",1.74,417,0.0154937950509029,2.15723202832696
"MIR23A",1.74,418,0.015530950434718,2.15627880992968
"MIR4266",1.74,419,0.0155681058185331,2.15532754676424
"MIR451A",1.74,420,0.0156052612023482,2.15437822996867
"MIR451B",1.74,421,0.0156424165861633,2.15343085074231
"MIR4690",1.74,422,0.0156795719699785,2.1524854003452
"MIR7844",1.74,423,0.0157167273537936,2.15154187009757
"MIR8058",1.74,424,0.0157538827376087,2.15060025137922
"SNORD115-23",1.74,425,0.0157910381214238,2.14966053562906
"SPATA2L",1.74,426,0.0158281935052389,2.14872271434447
"C2ORF78",1.73,427,0.015865348889054,2.14778677908082
"FAM231C",1.73,428,0.0159025042728691,2.14685272145095
"LOC400553",1.73,429,0.0159396596566843,2.14592053312461
"MIR7113",1.73,430,0.0159768150404994,2.14499020582793
"PPM1E",1.73,431,0.0160139704243145,2.14406173134298
"PSMD6-AS2",1.73,432,0.0160511258081296,2.14313510150717
"PTMA",1.73,433,0.0160882811919447,2.14221030821281
"PVT1",1.73,434,0.0161254365757598,2.14128734340662
"RPL41",1.73,435,0.0161625919595749,2.14036619908919
"SPDYE6",1.73,436,0.0161997473433901,2.13944686731453
"HES4",1.72,437,0.0162369027272052,2.13852934018959
"MIR2115",1.72,438,0.0162740581110203,2.13761360987379
"MIR422A",1.72,439,0.0163112134948354,2.13669966857854
"MIR4277",1.72,440,0.0163483688786505,2.13578750856677
"MIR654",1.72,441,0.0163855242624656,2.1348771221525
"MIR6754",1.72,442,0.0164226796462807,2.13396850170036
"MIR6840",1.72,443,0.0164598350300959,2.13306163962515
"MIR7108",1.72,444,0.016496990413911,2.13215652839141
"NBPF6",1.72,445,0.0165341457977261,2.13125316051297
"NPIPB11",1.72,446,0.0165713011815412,2.13035152855253
"PFDN4",1.72,447,0.0166084565653563,2.1294516251212
"RASA4",1.72,448,0.0166456119491714,2.12855344287812
"RASA4B",1.72,449,0.0166827673329865,2.12765697453
"SNORD3A",1.72,450,0.0167199227168017,2.12676221283075
"SSR4P1",1.72,451,0.0167570781006168,2.12586915058103
"WASH3P",1.72,452,0.0167942334844319,2.12497778062785
"BRIP1",1.71,453,0.016831388868247,2.12408809586421
"C9ORF106",1.71,454,0.0168685442520621,2.12320008922864
"DENND2C",1.71,455,0.0169056996358772,2.12231375370487
"HIST1H2BC",1.71,456,0.0169428550196924,2.12142908232139
"MIR4418",1.71,457,0.0169800104035075,2.12054606815111
"MIR4754",1.71,458,0.0170171657873226,2.11966470431095
"MIRLET7F1",1.71,459,0.0170543211711377,2.11878498396146
"ROPN1L-AS1",1.71,460,0.0170914765549528,2.11790690030649
"RPL10A",1.71,461,0.0171286319387679,2.11703044659277
"RPLP0",1.71,462,0.017165787322583,2.11615561610959
"SNAR-G1",1.71,463,0.0172029427063982,2.11528240218842
"SNORA93",1.71,464,0.0172400980902133,2.11441079820253
"SNORD59A",1.71,465,0.0172772534740284,2.1135407975667
"CTRB2",1.7,466,0.0173144088578435,2.11267239373681
"LOC388692",1.7,467,0.0173515642416586,2.11180558020953
"MIR2114",1.7,468,0.0173887196254737,2.11094035052196
"MIR3155B",1.7,469,0.0174258750092888,2.11007669825131
"MIR3156-1",1.7,470,0.017463030393104,2.10921461701456
"MIR3200",1.7,471,0.0175001857769191,2.1083541004681
"MIR4657",1.7,472,0.0175373411607342,2.10749514230746
"MIR4706",1.7,473,0.0175744965445493,2.10663773626695
"MIR4740",1.7,474,0.0176116519283644,2.10578187611933
"MIR5090",1.7,475,0.0176488073121795,2.10492755567551
"MIR548AL",1.7,476,0.0176859626959947,2.10407476878426
"MIR6717",1.7,477,0.0177231180798098,2.10322350933183
"MIR7109",1.7,478,0.0177602734636249,2.10237377124172
"MIR7152",1.7,479,0.01779742884744,2.10152554847434
"MIR8063",1.7,480,0.0178345842312551,2.10067883502668
"MIR8082",1.7,481,0.0178717396150702,2.09983362493208
"NBPF4",1.7,482,0.0179088949988853,2.09898991225987
"OR11H2",1.7,483,0.0179460503827005,2.09814769111513
"POLR2J",1.7,484,0.0179832057665156,2.09730695563836
"S100A11",1.7,485,0.0180203611503307,2.09646770000521
"SCARNA14",1.7,486,0.0180575165341458,2.0956299184262
"SRSF2",1.7,487,0.0180946719179609,2.09479360514644
"SSSCA1",1.7,488,0.018131827301776,2.09395875444535
"TBC1D3P2",1.7,489,0.0181689826855911,2.09312536063638
"WASH7P",1.7,490,0.0182061380694063,2.09229341806676
"ATF4",1.69,491,0.0182432934532214,2.09146292111718
"DNM3-IT1",1.69,492,0.0182804488370365,2.09063386420158
"HIST1H2BH",1.69,493,0.0183176042208516,2.08980624176687
"HIST1H2BL",1.69,494,0.0183547596046667,2.08898004829264
"HIST1H4D",1.69,495,0.0183919149884818,2.08815527829094
"MIR525",1.69,496,0.0184290703722969,2.087331926306
"MIR6878",1.69,497,0.0184662257561121,2.08650998691399
"NPIPB6",1.69,498,0.0185033811399272,2.08568945472276
"OR4F21",1.69,499,0.0185405365237423,2.08487032437159
"PTRH2",1.69,500,0.0185776919075574,2.08405259053094
"SNORA10",1.69,501,0.0186148472913725,2.08323624790224
"SNORA74A",1.69,502,0.0186520026751876,2.08242129121761
"SNORD25",1.69,503,0.0186891580590027,2.08160771523962
"USP17L19",1.69,504,0.0187263134428179,2.08079551476108
"WDYHV1",1.69,505,0.018763468826633,2.0799846846048
"FAM138E",1.68,506,0.0188006242104481,2.07917521962333
"H1FX",1.68,507,0.0188377795942632,2.07836711469878
"HIST1H3I",1.68,508,0.0188749349780783,2.07756036474254
"ID3",1.68,509,0.0189120903618934,2.07675496469509
"LOC101927770",1.68,510,0.0189492457457086,2.07595090952577
"LOC284454",1.68,511,0.0189864011295237,2.07514819423252
"LOC339059",1.68,512,0.0190235565133388,2.07434681384174
"MIR214",1.68,513,0.0190607118971539,2.07354676340801
"MIR4663",1.68,514,0.019097867280969,2.07274803801389
"MIR548S",1.68,515,0.0191350226647841,2.0719506327697
"MIR619",1.68,516,0.0191721780485992,2.07115454281335
"MIR6855",1.68,517,0.0192093334324144,2.07035976331009
"MIR7157",1.68,518,0.0192464888162295,2.06956628945229
"RAB26",1.68,519,0.0192836442000446,2.06877411645929
"SNORA25",1.68,520,0.0193207995838597,2.06798323957716
"SNORD71",1.68,521,0.0193579549676748,2.0671936540785
"SPANXA1",1.68,522,0.0193951103514899,2.06640535526226
"ATXN7",1.67,523,0.019432265735305,2.0656183384535
"CCAT2",1.67,524,0.0194694211191202,2.06483259900328
"CSDE1",1.67,525,0.0195065765029353,2.06404813228835
"FAM231D",1.67,526,0.0195437318867504,2.06326493371106
"FAM83A",1.67,527,0.0195808872705655,2.06248299869912
"FLJ13224",1.67,528,0.0196180426543806,2.06170232270542
"MIR3155A",1.67,529,0.0196551980381957,2.06092290120785
"MIR3163",1.67,530,0.0196923534220108,2.0601447297091
"MIR455",1.67,531,0.019729508805826,2.0593678037365
"MIR4746",1.67,532,0.0197666641896411,2.05859211884183
"MIR550A1",1.67,533,0.0198038195734562,2.05781767060113
"MIR6071",1.67,534,0.0198409749572713,2.05704445461452
"MIR6774",1.67,535,0.0198781303410864,2.05627246650606
"MLLT10P1",1.67,536,0.0199152857249015,2.05550170192352
"NOTCH2NL",1.67,537,0.0199524411087167,2.05473215653826
"PARD3-AS1",1.67,538,0.0199895964925318,2.05396382604502
"SLC7A5P2",1.67,539,0.0200267518763469,2.05319670616178
"SLX1A",1.67,540,0.020063907260162,2.05243079262955
"SNORD114-2",1.67,541,0.0201010626439771,2.05166608121225
"SPANXA2",1.67,542,0.0201382180277922,2.05090256769653
"SSSCA1-AS1",1.67,543,0.0201753734116073,2.05014024789157
"THOC7",1.67,544,0.0202125287954225,2.04937911762899
"BAGE",1.66,545,0.0202496841792376,2.04861917276261
"LINC00698",1.66,546,0.0202868395630527,2.04786040916835
"LOC100132813",1.66,547,0.0203239949468678,2.04710282274404
"LOC441081",1.66,548,0.0203611503306829,2.04634640940929
"MIR33B",1.66,549,0.020398305714498,2.04559116510529
"MIR3609",1.66,550,0.0204354610983131,2.0448370857947
"MIR4638",1.66,551,0.0204726164821283,2.0440841674615
"MIR550A2",1.66,552,0.0205097718659434,2.0433324061108
"MIR7855",1.66,553,0.0205469272497585,2.0425817977687
"NFKBIA",1.66,554,0.0205840826335736,2.04183233848218
"OPN1LW",1.66,555,0.0206212380173887,2.04108402431891
"PABPN1L",1.66,556,0.0206583934012038,2.04033685136713
"SLC7A5",1.66,557,0.020695548785019,2.03959081573549
"SNORA62",1.66,558,0.0207327041688341,2.03884591355292
"CYR61",1.65,559,0.0207698595526492,2.03810214096847
"DDX11L10",1.65,560,0.0208070149364643,2.03735949415119
"FBXO32",1.65,561,0.0208441703202794,2.03661796928998
"HRNR",1.65,562,0.0208813257040945,2.03587756259343
"INTS2",1.65,563,0.0209184810879096,2.03513827028975
"LINC01424",1.65,564,0.0209556364717248,2.03440008862655
"LOC105376480",1.65,565,0.0209927918555399,2.03366301387077
"MIR378F",1.65,566,0.021029947239355,2.0329270423085
"MIR4688",1.65,567,0.0210671026231701,2.0321921702449
"MIR5191",1.65,568,0.0211042580069852,2.031458394004
"MIR611",1.65,569,0.0211414133908003,2.03072570992864
"MT2A",1.65,570,0.0211785687746154,2.02999411438029
"NACAP1",1.65,571,0.0212157241584306,2.02926360373896
"PECAM1",1.65,572,0.0212528795422457,2.02853417440304
"PRICKLE2-AS3",1.65,573,0.0212900349260608,2.0278058227892
"RCE1",1.65,574,0.0213271903098759,2.02707854533223
"RNA5S4",1.65,575,0.021364345693691,2.02635233848498
"SNORA27",1.65,576,0.0214015010775061,2.02562719871816
"SNORD100",1.65,577,0.0214386564613212,2.0249031225203
"SNORD37",1.65,578,0.0214758118451364,2.02418010639754
"SYT6",1.65,579,0.0215129672289515,2.0234581468736
"TSKU",1.65,580,0.0215501226127666,2.02273724048959
"C1ORF122",1.64,581,0.0215872779965817,2.02201738380394
"CCDC85B",1.64,582,0.0216244333803968,2.02129857339225
"CDK10",1.64,583,0.0216615887642119,2.02058080584721
"GINS2",1.64,584,0.021698744148027,2.01986407777846
"LOC103171574",1.64,585,0.0217358995318422,2.01914838581246
"LOC729737",1.64,586,0.0217730549156573,2.01843372659244
"MIR3120",1.64,587,0.0218102102994724,2.01772009677823
"MIR32",1.64,588,0.0218473656832875,2.01700749304615
"MIR4537",1.64,589,0.0218845210671026,2.01629591208895
"MIR6786",1.64,590,0.0219216764509177,2.01558535061565
"PDE4DIP",1.64,591,0.0219588318347329,2.01487580535146
"PDF",1.64,592,0.021995987218548,2.01416727303766
"PTPRG",1.64,593,0.0220331426023631,2.01345975043151
"SCARNA27",1.64,594,0.0220702979861782,2.01275323430613
"SNORD35A",1.64,595,0.0221074533699933,2.01204772145039
"SNORD88A",1.64,596,0.0221446087538084,2.01134320866882
"SPATA31C1",1.64,597,0.0221817641376235,2.01063969278151
"WASH2P",1.64,598,0.0222189195214387,2.009937170624
"AP4B1-AS1",1.63,599,0.0222560749052538,2.00923563904719
"C16ORF91",1.63,600,0.0222932302890689,2.0085350949172
"C16ORF92",1.63,601,0.022330385672884,2.00783553511534
"C8ORF76",1.63,602,0.0223675410566991,2.00713695653795
"CLEC18A",1.63,603,0.0224046964405142,2.00643935609633
"HAS2-AS1",1.63,604,0.0224418518243293,2.00574273071664
"HOXB1",1.63,605,0.0224790072081445,2.0050470773398
"KLHL38",1.63,606,0.0225161625919596,2.00435239292141
"LDHD",1.63,607,0.0225533179757747,2.00365867443163
"LINC01151",1.63,608,0.0225904733595898,2.0029659188551
"LOC440300",1.63,609,0.0226276287434049,2.00227412319085
"MIR132",1.63,610,0.02266478412722,2.0015832844522
"MIR1910",1.63,611,0.0227019395110351,2.00089339966669
"MIR3187",1.63,612,0.0227390948948503,2.00020446587593
"MIR510",1.63,613,0.0227762502786654,1.9995164801356
"MIR646",1.63,614,0.0228134056624805,1.99882943951528
"NPIPB8",1.63,615,0.0228505610462956,1.9981433410984
"OR1L8",1.63,616,0.0228877164301107,1.99745818198217
"RPS10P7",1.63,617,0.0229248718139258,1.99677395927742
"TNFAIP8L2",1.63,618,0.022962027197741,1.99609067010862
"CADPS",1.62,619,0.0229991825815561,1.99540831161369
"DHX40",1.62,620,0.0230363379653712,1.99472688094397
"DRD5P2",1.62,621,0.0230734933491863,1.99404637526415
"FOXD4L4",1.62,622,0.0231106487330014,1.99336679175215
"H2AFX",1.62,623,0.0231478041168165,1.99268812759903
"HIPK1",1.62,624,0.0231849595006316,1.99201038000895
"IRF2BPL",1.62,625,0.0232221148844468,1.99133354619907
"LOC101927974",1.62,626,0.0232592702682619,1.99065762339944
"LOC400541",1.62,627,0.023296425652077,1.98998260885297
"MC1R",1.62,628,0.0233335810358921,1.9893084998153
"MIR3170",1.62,629,0.0233707364197072,1.98863529355475
"MIR548AS",1.62,630,0.0234078918035223,1.98796298735226
"MIR548O2",1.62,631,0.0234450471873374,1.98729157850126
"MIR557",1.62,632,0.0234822025711526,1.98662106430763
"MIR559",1.62,633,0.0235193579549677,1.98595144208961
"MIR5690",1.62,634,0.0235565133387828,1.98528270917772
"MIR599",1.62,635,0.0235936687225979,1.98461486291472
"MIR6076",1.62,636,0.023630824106413,1.98394790065548
"MIR6758",1.62,637,0.0236679794902281,1.98328181976693
"MIR6834",1.62,638,0.0237051348740433,1.982616617628
"NBPF9",1.62,639,0.0237422902578584,1.98195229162954
"PRDX2",1.62,640,0.0237794456416735,1.98128883917423
"PRICKLE2-AS2",1.62,641,0.0238166010254886,1.98062625767652
"SMG1P6",1.62,642,0.0238537564093037,1.97996454456256
"SNHG3",1.62,643,0.0238909117931188,1.97930369727012
"SNORD16",1.62,644,0.0239280671769339,1.97864371324855
"THOC7-AS1",1.62,645,0.0239652225607491,1.97798458995865
"TPM4",1.62,646,0.0240023779445642,1.97732632487267
"ZNF687",1.62,647,0.0240395333283793,1.97666891547418
"AREG",1.61,648,0.0240766887121944,1.97601235925806
"ARL8A",1.61,649,0.0241138440960095,1.97535665373036
"BAMBI",1.61,650,0.0241509994798246,1.97470179640831
"BARX1-AS1",1.61,651,0.0241881548636397,1.9740477848202
"BCAS3",1.61,652,0.0242253102474549,1.97339461650533
"CLEC18B",1.61,653,0.02426246563127,1.97274228901395
"HEIH",1.61,654,0.0242996210150851,1.97209079990719
"KAZALD1",1.61,655,0.0243367763989002,1.97144014675699
"KRT18",1.61,656,0.0243739317827153,1.97079032714603
"LOC645166",1.61,657,0.0244110871665304,1.97014133866769
"MIR4714",1.61,658,0.0244482425503455,1.96949317892597
"MIR4794",1.61,659,0.0244853979341607,1.96884584553541
"MIR5695",1.61,660,0.0245225533179758,1.96819933612109
"MIR6766",1.61,661,0.0245597087017909,1.96755364831847
"MIR6775",1.61,662,0.024596864085606,1.96690877977342
"MIR6887",1.61,663,0.0246340194694211,1.96626472814211
"RNASE10",1.61,664,0.0246711748532362,1.96562149109097
"RNY1",1.61,665,0.0247083302370513,1.96497906629659
"RPS3",1.61,666,0.0247454856208665,1.96433745144573
"SH3BGRL3",1.61,667,0.0247826410046816,1.9636966442352
"SNORD43",1.61,668,0.0248197963884967,1.96305664237182
"SNTN",1.61,669,0.0248569517723118,1.96241744357237
"TXNIP",1.61,670,0.0248941071561269,1.96177904556354
"BCAR1",1.6,671,0.024931262539942,1.96114144608182
"CFC1",1.6,672,0.0249684179237572,1.96050464287352
"CLEC18C",1.6,673,0.0250055733075723,1.95986863369466
"DNM1P41",1.6,674,0.0250427286913874,1.95923341631091
"FAM65C",1.6,675,0.0250798840752025,1.95859898849758
"GAGE13",1.6,676,0.0251170394590176,1.95796534803952
"GAGE2D",1.6,677,0.0251541948428327,1.95733249273108
"GAGE2E",1.6,678,0.0251913502266478,1.95670042037607
"GAGE8",1.6,679,0.025228505610463,1.95606912878768
"IL10RB-AS1",1.6,680,0.0252656609942781,1.95543861578843
"ILF3-AS1",1.6,681,0.0253028163780932,1.95480887921014
"MIR3679",1.6,682,0.0253399717619083,1.95417991689385
"MIR4661",1.6,683,0.0253771271457234,1.95355172668979
"MLPH",1.6,684,0.0254142825295385,1.9529243064573
"NKILA",1.6,685,0.0254514379133536,1.95229765406481
"SCARNA26A",1.6,686,0.0254885932971688,1.95167176738975
"SNORA26",1.6,687,0.0255257486809839,1.95104664431854
"SNORD114-28",1.6,688,0.025562904064799,1.95042228274651
"SNORD124",1.6,689,0.0256000594486141,1.94979868057787
"SNORD42B",1.6,690,0.0256372148324292,1.94917583572563
"TRIM33",1.6,691,0.0256743702162443,1.94855374611159
"TUFT1",1.6,692,0.0257115256000594,1.94793240966624
"UBE2T",1.6,693,0.0257486809838746,1.94731182432877
"WASHC1",1.6,694,0.0257858363676897,1.94669198804698
"ZC3H12A",1.6,695,0.0258229917515048,1.94607289877724
"CDCA4",1.59,696,0.0258601471353199,1.94545455448444
"CORO1A",1.59,697,0.025897302519135,1.94483695314196
"DERL1",1.59,698,0.0259344579029501,1.94422009273159
"GSC",1.59,699,0.0259716132867653,1.94360397124353
"H1F0",1.59,700,0.0260087686705804,1.94298858667629
"HIST1H2BG",1.59,701,0.0260459240543955,1.94237393703668
"IFITM10",1.59,702,0.0260830794382106,1.94176002033974
"LINC01405",1.59,703,0.0261202348220257,1.94114683460873
"LOC104968399",1.59,704,0.0261573902058408,1.94053437787505
"LOC105371592",1.59,705,0.0261945455896559,1.93992264817819
"LOC401052",1.59,706,0.0262317009734711,1.93931164356573
"MGC16275",1.59,707,0.0262688563572862,1.93870136209324
"MIR3666",1.59,708,0.0263060117411013,1.93809180182429
"MIR3921",1.59,709,0.0263431671249164,1.93748296083034
"MIR4255",1.59,710,0.0263803225087315,1.93687483719078
"MIR5089",1.59,711,0.0264174778925466,1.9362674289928
"MIR512-1",1.59,712,0.0264546332763617,1.93566073433143
"MIR6882",1.59,713,0.0264917886601769,1.93505475130941
"MIR7703",1.59,714,0.026528944043992,1.93444947803722
"NBPF8",1.59,715,0.0265660994278071,1.93384491263302
"PIEZO1",1.59,716,0.0266032548116222,1.93324105322258
"PPIA",1.59,717,0.0266404101954373,1.93263789793926
"RASA4CP",1.59,718,0.0266775655792524,1.93203544492397
"RPL23AP87",1.59,719,0.0267147209630676,1.93143369232513
"SLC35B2",1.59,720,0.0267518763468827,1.93083263829861
"SMG1P1",1.59,721,0.0267890317306978,1.93023228100772
"SMG1P3",1.59,722,0.0268261871145129,1.92963261862314
"SNORD113-6",1.59,723,0.026863342498328,1.92903364932292
"SNORD51",1.59,724,0.0269004978821431,1.92843537129237
"STAG3L3",1.59,725,0.0269376532659582,1.9278377827241
"VMP1",1.59,726,0.0269748086497734,1.92724088181795
"VPS72",1.59,727,0.0270119640335885,1.9266446667809
"B3GALT4",1.58,728,0.0270491194174036,1.92604913582714
"ENSA",1.58,729,0.0270862748012187,1.92545428717793
"GSE1",1.58,730,0.0271234301850338,1.92486011906162
"HBA1",1.58,731,0.0271605855688489,1.92426662971357
"IGHV1OR15-3",1.58,732,0.027197740952664,1.92367381737617
"LOC100129697",1.58,733,0.0272348963364792,1.92308168029874
"LOC220729",1.58,734,0.0272720517202943,1.92249021673754
"MAGEF1",1.58,735,0.0273092071041094,1.92189942495571
"MDK",1.58,736,0.0273463624879245,1.92130930322323
"MIR1273F",1.58,737,0.0273835178717396,1.92071984981692
"MIR2277",1.58,738,0.0274206732555547,1.92013106302034
"MIR3127",1.58,739,0.0274578286393698,1.91954294112382
"MIR3619",1.58,740,0.027494984023185,1.91895548242438
"MIR6499",1.58,741,0.0275321394070001,1.91836868522571
"MIR6780B",1.58,742,0.0275692947908152,1.91778254783813
"MIR7106",1.58,743,0.0276064501746303,1.91719706857858
"NBPF11",1.58,744,0.0276436055584454,1.91661224577055
"NDUFS8",1.58,745,0.0276807609422605,1.91602807774405
"OR4F4",1.58,746,0.0277179163260756,1.91544456283561
"PTPN22",1.58,747,0.0277550717098908,1.91486169938821
"RNF113A",1.58,748,0.0277922270937059,1.91427948575125
"RPL13A",1.58,749,0.027829382477521,1.91369792028054
"RUVBL1-AS1",1.58,750,0.0278665378613361,1.91311700133825
"S100A10",1.58,751,0.0279036932451512,1.91253672729287
"SNORA41",1.58,752,0.0279408486289663,1.91195709651919
"SNORA71A",1.58,753,0.0279780040127815,1.91137810739826
"YBEY",1.58,754,0.0280151593965966,1.91079975831737
"ZBTB11-AS1",1.58,755,0.0280523147804117,1.91022204767
"ZNHIT2",1.58,756,0.0280894701642268,1.90964497385579
"BHLHE40",1.57,757,0.0281266255480419,1.90906853528053
"CASC11",1.57,758,0.028163780931857,1.90849273035611
"CELSR2",1.57,759,0.0282009363156721,1.90791755750047
"ELF3",1.57,760,0.0282380916994873,1.90734301513762
"H3F3B",1.57,761,0.0282752470833024,1.90676910169757
"IFITM1",1.57,762,0.0283124024671175,1.90619581561629
"KCND3-IT1",1.57,763,0.0283495578509326,1.90562315533571
"LENEP",1.57,764,0.0283867132347477,1.9050511193037
"LINC01728",1.57,765,0.0284238686185628,1.90447970597398
"LOC388436",1.57,766,0.0284610240023779,1.90390891380614
"LOC728739",1.57,767,0.0284981793861931,1.90333874126561
"MIR1276",1.57,768,0.0285353347700082,1.90276918682361
"MIR1307",1.57,769,0.0285724901538233,1.90220024895711
"MIR208B",1.57,770,0.0286096455376384,1.90163192614885
"MIR3188",1.57,771,0.0286468009214535,1.90106421688725
"MIR4281",1.57,772,0.0286839563052686,1.90049711966644
"MIR4736",1.57,773,0.0287211116890837,1.89993063298619
"MIR4752",1.57,774,0.0287582670728989,1.89936475535187
"MIR4758",1.57,775,0.028795422456714,1.89879948527448
"MIR5047",1.57,776,0.0288325778405291,1.89823482127057
"MIR564",1.57,777,0.0288697332243442,1.89767076186224
"MIR566",1.57,778,0.0289068886081593,1.89710730557708
"MIR598",1.57,779,0.0289440439919744,1.89654445094818
"MIR6074",1.57,780,0.0289811993757896,1.8959821965141
"MIR6747",1.57,781,0.0290183547596047,1.89542054081878
"OR7C2",1.57,782,0.0290555101434198,1.89485948241162
"PLCG1",1.57,783,0.0290926655272349,1.89429901984736
"POU5F1P4",1.57,784,0.02912982091105,1.8937391516861
"SKA2",1.57,785,0.0291669762948651,1.89317987649325
"SNAR-B1",1.57,786,0.0292041316786802,1.89262119283952
"SNORA44",1.57,787,0.0292412870624954,1.8920630993009
"SNORD114-11",1.57,788,0.0292784424463105,1.89150559445861
"SNORD58B",1.57,789,0.0293155978301256,1.89094867689909
"SPANXD",1.57,790,0.0293527532139407,1.89039234521397
"SPATA31C2",1.57,791,0.0293899085977558,1.88983659800004
"SRGAP2-AS1",1.57,792,0.0294270639815709,1.88928143385925
"TBX6",1.57,793,0.029464219365386,1.88872685139864
"TUBA1B",1.57,794,0.0295013747492012,1.88817284923034
"WASH5P",1.57,795,0.0295385301330163,1.88761942597157
"ZHX2",1.57,796,0.0295756855168314,1.88706658024456
"ARIH2OS",1.56,797,0.0296128409006465,1.88651431067658
"BAGE2",1.56,798,0.0296499962844616,1.88596261589986
"C11ORF72",1.56,799,0.0296871516682767,1.88541149455162
"C3ORF49",1.56,800,0.0297243070520918,1.88486094527401
"CROCCP2",1.56,801,0.029761462435907,1.88431096671411
"CTAGE8",1.56,802,0.0297986178197221,1.88376155752387
"F8A2",1.56,803,0.0298357732035372,1.88321271636014
"FALEC",1.56,804,0.0298729285873523,1.88266444188458
"FAM63A",1.56,805,0.0299100839711674,1.88211673276371
"GPR25",1.56,806,0.0299472393549825,1.88156958766881
"HIST1H2BE",1.56,807,0.0299843947387977,1.88102300527598
"HIST4H4",1.56,808,0.0300215501226128,1.88047698426603
"HNRNPA2B1",1.56,809,0.0300587055064279,1.87993152332452
"KRT80",1.56,810,0.030095860890243,1.87938662114173
"LOC100132062",1.56,811,0.0301330162740581,1.8788422764126
"LOC102724738",1.56,812,0.0301701716578732,1.87829848783673
"MIR3664",1.56,813,0.0302073270416883,1.87775525411839
"MIR4472-2",1.56,814,0.0302444824255035,1.87721257396643
"MIR4673",1.56,815,0.0302816378093186,1.87667044609432
"MIR4683",1.56,816,0.0303187931931337,1.8761288692201
"MIR512-2",1.56,817,0.0303559485769488,1.87558784206635
"MIR548L",1.56,818,0.0303931039607639,1.87504736336018
"MUC12",1.56,819,0.030430259344579,1.87450743183322
"OR2A20P",1.56,820,0.0304674147283941,1.87396804622158
"ORM2",1.56,821,0.0305045701122093,1.87342920526583
"PDPR",1.56,822,0.0305417254960244,1.87289090771099
"PMEPA1",1.56,823,0.0305788808798395,1.87235315230649
"PPP1R15A",1.56,824,0.0306160362636546,1.87181593780618
"PTPN7",1.56,825,0.0306531916474697,1.87127926296828
"RPL12",1.56,826,0.0306903470312848,1.87074312655538
"RPL13AP20",1.56,827,0.0307275024151,1.87020752733439
"RPS27",1.56,828,0.0307646577989151,1.86967246407655
"SEPHS2",1.56,829,0.0308018131827302,1.8691379355574
"SNORD14B",1.56,830,0.0308389685665453,1.86860394055677
"TSHB",1.56,831,0.0308761239503604,1.86807047785872
"TSPY26P",1.56,832,0.0309132793341755,1.86753754625157
"TSSK6",1.56,833,0.0309504347179906,1.86700514452785
"ADIRF",1.55,834,0.0309875901018058,1.8664732714843
"ANXA13",1.55,835,0.0310247454856209,1.86594192592181
"BGLAP",1.55,836,0.031061900869436,1.86541110664546
"C17ORF82",1.55,837,0.0310990562532511,1.86488081246446
"DDX5",1.55,838,0.0311362116370662,1.86435104219214
"EEF1A1",1.55,839,0.0311733670208813,1.86382179464593
"EIF2B4",1.55,840,0.0312105224046964,1.86329306864735
"ESRP2",1.55,841,0.0312476777885116,1.86276486302196
"FAM157B",1.55,842,0.0312848331723267,1.8622371765994
"FAM72A",1.55,843,0.0313219885561418,1.8617100082133
"GPR37L1",1.55,844,0.0313591439399569,1.86118335670133
"GRK6",1.55,845,0.031396299323772,1.86065722090513
"KRTAP2-2",1.55,846,0.0314334547075871,1.86013159967032
"KRTAP5-6",1.55,847,0.0314706100914022,1.85960649184645
"LINC01001",1.55,848,0.0315077654752174,1.85908189628703
"LINC01574",1.55,849,0.0315449208590325,1.85855781184948
"LOC100288778",1.55,850,0.0315820762428476,1.8580342373951
"LOC101928659",1.55,851,0.0316192316266627,1.8575111717891
"LOC91450",1.55,852,0.0316563870104778,1.85698861390052
"MIR105-2",1.55,853,0.0316935423942929,1.85646656260227
"MIR1295B",1.55,854,0.031730697778108,1.85594501677108
"MIR30C1",1.55,855,0.0317678531619232,1.85542397528747
"MIR4426",1.55,856,0.0318050085457383,1.85490343703578
"MIR548AE1",1.55,857,0.0318421639295534,1.85438340090411
"MIR6715A",1.55,858,0.0318793193133685,1.85386386578432
"MIR6841",1.55,859,0.0319164746971836,1.85334483057202
"MIR6877",1.55,860,0.0319536300809987,1.85282629416651
"MIR718",1.55,861,0.0319907854648139,1.85230825547084
"MIR8056",1.55,862,0.032027940848629,1.85179071339172
"MIR8070",1.55,863,0.0320650962324441,1.85127366683955
"MIR8089",1.55,864,0.0321022516162592,1.85075711472838
"MTSS1",1.55,865,0.0321394070000743,1.85024105597589
"NBPF1",1.55,866,0.0321765623838894,1.8497254895034
"OR11H12",1.55,867,0.0322137177677045,1.84921041423583
"PCBP1",1.55,868,0.0322508731515197,1.84869582910169
"PDLIM7",1.55,869,0.0322880285353348,1.84818173303307
"SNORA16B",1.55,870,0.0323251839191499,1.8476681249656
"SPTSSB",1.55,871,0.032362339302965,1.84715500383848
"SYNPR",1.55,872,0.0323994946867801,1.84664236859443
"TATDN1",1.55,873,0.0324366500705952,1.84613021817966
"VGF",1.55,874,0.0324738054544103,1.84561855154389
"XXYLT1-AS1",1.55,875,0.0325109608382255,1.84510736764034
"AMPD1",1.54,876,0.0325481162220406,1.84459666542566
"ATP9A",1.54,877,0.0325852716058557,1.84408644385997
"C1ORF194",1.54,878,0.0326224269896708,1.84357670190681
"CFL1",1.54,879,0.0326595823734859,1.84306743853316
"CH17-408M7.1",1.54,880,0.032696737757301,1.84255865270937
"CSH1",1.54,881,0.0327338931411161,1.84205034340921
"CT45A7",1.54,882,0.0327710485249313,1.84154250960981
"F8A1",1.54,883,0.0328082039087464,1.84103515029166
"GAS5-AS1",1.54,884,0.0328453592925615,1.84052826443858
"GDF15",1.54,885,0.0328825146763766,1.84002185103774
"GPRC5A",1.54,886,0.0329196700601917,1.83951590907962
"IGHV1OR15-1",1.54,887,0.0329568254440068,1.83901043755798
"LENG9",1.54,888,0.032993980827822,1.83850543546988
"LOC100287036",1.54,889,0.0330311362116371,1.83800090181565
"LOC101927746",1.54,890,0.0330682915954522,1.83749683559889
"MIR219B",1.54,891,0.0331054469792673,1.8369932358264
"MIR3943",1.54,892,0.0331426023630824,1.83649010150826
"MIR4420",1.54,893,0.0331797577468975,1.83598743165772
"MIR4436A",1.54,894,0.0332169131307126,1.83548522529125
"MIR4442",1.54,895,0.0332540685145278,1.8349834814285
"MIR4777",1.54,896,0.0332912238983429,1.8344821990923
"MIR6715B",1.54,897,0.033328379282158,1.83398137730864
"MIR6733",1.54,898,0.0333655346659731,1.83348101510662
"PAQR4",1.54,899,0.0334026900497882,1.83298111151852
"PMS2P7",1.54,900,0.0334398454336033,1.8324816655797
"PSMD7",1.54,901,0.0334770008174184,1.83198267632864
"RNU11",1.54,902,0.0335141562012336,1.83148414280691
"RPL18A",1.54,903,0.0335513115850487,1.83098606405915
"SNORA71B",1.54,904,0.0335884669688638,1.83048843913306
"SRGAP2D",1.54,905,0.0336256223526789,1.8299912670794
"SRSF3",1.54,906,0.033662777736494,1.82949454695196
"SYNPR-AS1",1.54,907,0.0336999331203091,1.82899827780756
"SYT12",1.54,908,0.0337370885041242,1.82850245870602
"TNFRSF12A",1.54,909,0.0337742438879394,1.82800708871018
"UBE2Q2L",1.54,910,0.0338113992717545,1.82751216688583
"UQCC3",1.54,911,0.0338485546555696,1.82701769230177
"ZFAS1",1.54,912,0.0338857100393847,1.82652366402973
"BCAS4",1.53,913,0.0339228654231998,1.8260300811444
"BRWD1-AS1",1.53,914,0.0339600208070149,1.8255369427234
"CDT1",1.53,915,0.03399717619083,1.82504424784728
"CLN3",1.53,916,0.0340343315746452,1.82455199559949
"CT45A5",1.53,917,0.0340714869584603,1.82406018506638
"EMILIN3",1.53,918,0.0341086423422754,1.82356881533719
"HCG14",1.53,919,0.0341457977260905,1.82307788550401
"KRTAP1-1",1.53,920,0.0341829531099056,1.82258739466183
"LINC00628",1.53,921,0.0342201084937207,1.82209734190845
"LINC01750",1.53,922,0.0342572638775359,1.82160772634453
"LINC02012",1.53,923,0.034294419261351,1.82111854707353
"LOC100288846",1.53,924,0.0343315746451661,1.82062980320175
"LOC100507468",1.53,925,0.0343687300289812,1.82014149383828
"MAFK",1.53,926,0.0344058854127963,1.81965361809498
"MIR1184-1",1.53,927,0.0344430407966114,1.81916617508651
"MIR219A2",1.53,928,0.0344801961804265,1.81867916393028
"MIR382",1.53,929,0.0345173515642417,1.81819258374647
"MIR3944",1.53,930,0.0345545069480568,1.81770643365799
"MIR4519",1.53,931,0.0345916623318719,1.81722071279047
"MIR4699",1.53,932,0.034628817715687,1.81673542027228
"MIR519D",1.53,933,0.0346659730995021,1.81625055523449
"MIR575",1.53,934,0.0347031284833172,1.81576611681086
"MIR6503",1.53,935,0.0347402838671323,1.81528210413783
"MIR7-3",1.53,936,0.0347774392509475,1.81479851635454
"NTNG1",1.53,937,0.0348145946347626,1.81431535260275
"OR4N3P",1.53,938,0.0348517500185777,1.81383261202692
"PKD1P1",1.53,939,0.0348889054023928,1.81335029377412
"PRG1",1.53,940,0.0349260607862079,1.81286839699404
"RHOD",1.53,941,0.034963216170023,1.81238692083902
"RNF126P1",1.53,942,0.0350003715538382,1.81190586446399
"SNORD114-7",1.53,943,0.0350375269376533,1.81142522702647
"SNX17",1.53,944,0.0350746823214684,1.81094500768659
"SOX2",1.53,945,0.0351118377052835,1.81046520560702
"STAG3L1",1.53,946,0.0351489930890986,1.80998581995303
"TMEM134",1.53,947,0.0351861484729137,1.80950684989243
"ZHX1-C8ORF76",1.53,948,0.0352233038567288,1.80902829459556
"ASB6",1.52,949,0.035260459240544,1.80855015323531
"ASCL5",1.52,950,0.0352976146243591,1.8080724249871
"ATAD2",1.52,951,0.0353347700081742,1.80759510902884
"C10ORF142",1.52,952,0.0353719253919893,1.80711820454095
"C11ORF86",1.52,953,0.0354090807758044,1.80664171070635
"C19ORF48",1.52,954,0.0354462361596195,1.80616562671044
"C2CD4D",1.52,955,0.0354833915434346,1.80568995174109
"CORO1B",1.52,956,0.0355205469272498,1.80521468498863
"CT45A6",1.52,957,0.0355577023110649,1.80473982564583
"CTU2",1.52,958,0.03559485769488,1.80426537290792
"EEF2",1.52,959,0.0356320130786951,1.80379132597255
"FAM157A",1.52,960,0.0356691684625102,1.80331768403981
"FITM1",1.52,961,0.0357063238463253,1.80284444631217
"FOSL1",1.52,962,0.0357434792301404,1.80237161199453
"FTH1P3",1.52,963,0.0357806346139556,1.80189918029417
"GOLGA6L17P",1.52,964,0.0358177899977707,1.80142715042076
"GPX1",1.52,965,0.0358549453815858,1.80095552158632
"HCFC1R1",1.52,966,0.0358921007654009,1.80048429300527
"HDC",1.52,967,0.035929256149216,1.80001346389435
"KRTAP2-1",1.52,968,0.0359664115330311,1.79954303347267
"LINC00304",1.52,969,0.0360035669168463,1.79907300096165
"LINC01783",1.52,970,0.0360407223006614,1.79860336558507
"LOC100132111",1.52,971,0.0360778776844765,1.79813412656899
"LOC100133331",1.52,972,0.0361150330682916,1.79766528314179
"LOC101927468",1.52,973,0.0361521884521067,1.79719683453416
"LOC101929441",1.52,974,0.0361893438359218,1.79672877997905
"MIR103A2",1.52,975,0.0362264992197369,1.79626111871173
"MIR1295A",1.52,976,0.0362636546035521,1.79579384996971
"MIR1301",1.52,977,0.0363008099873672,1.79532697299276
"MIR1538",1.52,978,0.0363379653711823,1.79486048702292
"MIR206",1.52,979,0.0363751207549974,1.79439439130445
"MIR3161",1.52,980,0.0364122761388125,1.79392868508387
"MIR377",1.52,981,0.0364494315226276,1.79346336760991
"MIR4305",1.52,982,0.0364865869064427,1.79299843813351
"MIR4739",1.52,983,0.0365237422902579,1.79253389590784
"MIR5008",1.52,984,0.036560897674073,1.79206974018825
"MIR6807",1.52,985,0.0365980530578881,1.79160597023228
"MIR6885",1.52,986,0.0366352084417032,1.79114258529966
"MIR885",1.52,987,0.0366723638255183,1.79067958465228
"MIR99B",1.52,988,0.0367095192093334,1.79021696755423
"MLLT11",1.52,989,0.0367466745931485,1.7897547332717
"NBPF15",1.52,990,0.0367838299769637,1.78929288107307
"NDUFB9",1.52,991,0.0368209853607788,1.78883141022884
"NEUROG2",1.52,992,0.0368581407445939,1.78837032001165
"NPIPA2",1.52,993,0.036895296128409,1.78790960969626
"NPIPA3",1.52,994,0.0369324515122241,1.78744927855953
"OSGIN1",1.52,995,0.0369696068960392,1.78698932588044
"PSMB4",1.52,996,0.0370067622798544,1.78652975094007
"PTPRCAP",1.52,997,0.0370439176636695,1.78607055302158
"PTPRG-AS1",1.52,998,0.0370810730474846,1.7856117314102
"RMND5B",1.52,999,0.0371182284312997,1.78515328539326
"RNA5S15",1.52,1000,0.0371553838151148,1.78469521426013
